Sektor_ID,Lat,Lon,Data,NDVI,NDWI,NDMI
S_1,51.03,16.81,2025-06-01,0.7103,-0.6495,0.4341
S_1,51.03,16.81,2025-06-06,0.7078,-0.6486,0.428
S_1,51.03,16.81,2025-06-11,0.6557,-0.6204,0.3883
S_1,51.03,16.81,2025-06-16,0.6102,-0.5983,0.3506
S_1,51.03,16.81,2025-06-21,0.571,-0.5823,0.315
S_1,51.03,16.81,2025-06-26,0.5484,-0.5534,0.3149
S_1,51.03,16.81,2025-07-01,0.5006,-0.5262,0.2634
S_1,51.03,16.81,2025-07-06,0.4192,-0.4724,0.1755
S_1,51.03,16.81,2025-07-11,0.3408,-0.4376,0.0455
S_1,51.03,16.81,2025-07-16,0.3025,-0.3826,0.0286
S_1,51.03,16.81,2025-07-21,0.3124,-0.3821,0.0159
S_1,51.03,16.81,2025-07-26,0.3556,-0.4027,0.047
S_1,51.03,16.81,2025-07-31,0.3835,-0.4363,0.0238
S_1,51.03,16.81,2025-08-05,0.3969,-0.4455,0.0307
S_1,51.03,16.81,2025-08-10,0.4145,-0.458,0.045
S_1,51.03,16.81,2025-08-15,0.4147,-0.4516,0.0592
S_1,51.03,16.81,2025-08-20,0.415,-0.4438,0.0716
S_1,51.03,16.81,2025-08-25,0.4118,-0.4402,0.0651
S_1,51.03,16.81,2025-08-30,0.4336,-0.464,0.0647
S_1,51.03,16.81,2025-09-04,0.4622,-0.489,0.0816
S_1,51.03,16.81,2025-09-09,0.3733,-0.4062,0.0472
S_1,51.03,16.81,2025-09-14,0.3402,-0.3834,0.0068
S_1,51.03,16.81,2025-09-19,0.2922,-0.3512,-0.0417
S_1,51.03,16.81,2025-09-24,0.3618,-0.4223,-0.028
S_1,51.03,16.81,2025-09-29,0.3691,-0.4278,-0.0149
S_1,51.03,16.81,2025-10-04,0.3844,-0.4372,-0.0003
S_1,51.03,16.81,2025-10-09,0.3998,-0.4467,0.0142
S_1,51.03,16.81,2025-10-14,0.4099,-0.4553,0.0226
S_1,51.03,16.81,2025-10-19,0.4148,-0.4631,0.0249
S_1,51.03,16.81,2025-10-24,0.4144,-0.47,0.0211
S_1,51.03,16.81,2025-10-29,0.414,-0.477,0.0173
S_1,51.03,16.81,2025-11-03,0.3772,-0.4385,0.042
S_1,51.03,16.81,2025-11-08,0.3038,-0.3544,0.0953
S_1,51.03,16.81,2025-11-13,0.1939,-0.2249,0.1771
S_1,51.03,16.81,2025-11-18,0.0841,-0.0953,0.2589
S_1,51.03,16.81,2025-11-23,0.0517,-0.0396,0.3024
S_1,51.03,16.81,2025-11-28,0.0968,-0.0576,0.3075
S_1,51.03,16.81,2025-12-03,0.2484,-0.2276,0.206
S_1,51.03,16.81,2025-12-08,0.369,-0.3784,0.1421
S_1,51.03,16.81,2025-12-13,0.4431,-0.4925,0.0808
S_1,51.03,16.81,2025-12-18,0.4415,-0.4919,0.0903
S_1,51.03,16.81,2025-12-23,0.4243,-0.4741,0.0648
S_1,51.03,16.81,2025-12-28,0.4104,-0.4605,0.0458
S_1,51.03,16.81,2026-01-02,0.3997,-0.4513,0.0334
S_1,51.03,16.81,2026-01-07,0.3923,-0.4465,0.0275
S_1,51.03,16.81,2026-01-12,0.3849,-0.4416,0.0217
S_1,51.03,16.81,2026-01-22,0.3775,-0.4367,0.0158
S_1,51.03,16.81,2026-02-01,0.3702,-0.4318,0.01
S_1,51.03,16.81,2026-02-06,0.3628,-0.427,0.0041
S_1,51.03,16.81,2026-02-11,0.3554,-0.4221,-0.0017
S_1,51.03,16.81,2026-02-16,0.348,-0.4172,-0.0076
S_1,51.03,16.81,2026-02-21,0.3406,-0.4124,-0.0134
S_1,51.03,16.81,2026-02-26,0.3387,-0.4087,-0.0168
S_1,51.03,16.81,2026-03-03,0.3077,-0.3663,-0.0107
S_1,51.03,16.81,2026-03-08,0.3127,-0.3437,0.0198
S_1,51.03,16.81,2026-03-13,0.3204,-0.3238,0.0582
S_1,51.03,16.81,2026-03-18,0.3653,-0.3467,0.0974
S_1,51.03,16.81,2026-03-23,0.3853,-0.377,0.1013
S_1,51.03,16.81,2026-04-02,0.4182,-0.417,0.1159
S_1,51.03,16.81,2026-04-07,0.464,-0.4668,0.1412
S_1,51.03,16.81,2026-04-12,0.4918,-0.4849,0.1698
S_10,51.11,16.83,2025-06-01,0.7922,-0.7053,0.3551
S_10,51.11,16.83,2025-06-06,0.7932,-0.7072,0.3534
S_10,51.11,16.83,2025-06-11,0.7531,-0.6775,0.329
S_10,51.11,16.83,2025-06-16,0.7268,-0.6613,0.306
S_10,51.11,16.83,2025-06-21,0.7144,-0.6586,0.2841
S_10,51.11,16.83,2025-06-26,0.7287,-0.675,0.2698
S_10,51.11,16.83,2025-07-01,0.7277,-0.6754,0.2544
S_10,51.11,16.83,2025-07-06,0.7115,-0.6597,0.2379
S_10,51.11,16.83,2025-07-11,0.7095,-0.656,0.2351
S_10,51.11,16.83,2025-07-16,0.6378,-0.5827,0.2324
S_10,51.11,16.83,2025-07-21,0.6539,-0.5941,0.2449
S_10,51.11,16.83,2025-07-26,0.6653,-0.6005,0.2602
S_10,51.11,16.83,2025-07-31,0.7415,-0.6712,0.2783
S_10,51.11,16.83,2025-08-05,0.7416,-0.6736,0.2729
S_10,51.11,16.83,2025-08-10,0.7195,-0.6651,0.2546
S_10,51.11,16.83,2025-08-15,0.7319,-0.6751,0.2619
S_10,51.11,16.83,2025-08-20,0.7288,-0.6688,0.2642
S_10,51.11,16.83,2025-08-25,0.749,-0.6784,0.2632
S_10,51.11,16.83,2025-08-30,0.5507,-0.475,0.2424
S_10,51.11,16.83,2025-09-04,0.5624,-0.4905,0.2404
S_10,51.11,16.83,2025-09-09,0.5606,-0.4804,0.2542
S_10,51.11,16.83,2025-09-14,0.7632,-0.6906,0.2473
S_10,51.11,16.83,2025-09-19,0.7604,-0.6847,0.2465
S_10,51.11,16.83,2025-09-24,0.7715,-0.7022,0.2417
S_10,51.11,16.83,2025-09-29,0.7634,-0.6969,0.2475
S_10,51.11,16.83,2025-10-04,0.751,-0.6867,0.2404
S_10,51.11,16.83,2025-10-09,0.7385,-0.6765,0.2333
S_10,51.11,16.83,2025-10-14,0.7203,-0.6672,0.2155
S_10,51.11,16.83,2025-10-19,0.6965,-0.6587,0.1869
S_10,51.11,16.83,2025-10-24,0.6671,-0.6512,0.1476
S_10,51.11,16.83,2025-10-29,0.6376,-0.6436,0.1082
S_10,51.11,16.83,2025-11-03,0.6116,-0.6329,0.0782
S_10,51.11,16.83,2025-11-08,0.5891,-0.619,0.0575
S_10,51.11,16.83,2025-11-13,0.57,-0.6018,0.0461
S_10,51.11,16.83,2025-11-18,0.5509,-0.5847,0.0347
S_10,51.11,16.83,2025-11-23,0.5317,-0.5675,0.0232
S_10,51.11,16.83,2025-11-28,0.5126,-0.5504,0.0118
S_10,51.11,16.83,2025-12-03,0.4935,-0.5332,0.0004
S_10,51.11,16.83,2025-12-08,0.4997,-0.5514,0.0158
S_10,51.11,16.83,2025-12-13,0.5042,-0.5661,0.0361
S_10,51.11,16.83,2025-12-18,0.5068,-0.5772,0.0612
S_10,51.11,16.83,2025-12-23,0.4824,-0.5496,0.0644
S_10,51.11,16.83,2025-12-28,0.4632,-0.5296,0.0603
S_10,51.11,16.83,2026-01-02,0.4492,-0.5172,0.0492
S_10,51.11,16.83,2026-01-07,0.4406,-0.5125,0.0308
S_10,51.11,16.83,2026-01-12,0.4319,-0.5078,0.0125
S_10,51.11,16.83,2026-01-22,0.4233,-0.5031,-0.0059
S_10,51.11,16.83,2026-02-01,0.4146,-0.4984,-0.0242
S_10,51.11,16.83,2026-02-06,0.4059,-0.4937,-0.0426
S_10,51.11,16.83,2026-02-11,0.3973,-0.489,-0.0609
S_10,51.11,16.83,2026-02-16,0.3886,-0.4843,-0.0793
S_10,51.11,16.83,2026-02-21,0.38,-0.4796,-0.0976
S_10,51.11,16.83,2026-02-26,0.3708,-0.4692,-0.1094
S_10,51.11,16.83,2026-03-03,0.3538,-0.4403,-0.0959
S_10,51.11,16.83,2026-03-08,0.329,-0.393,-0.0573
S_10,51.11,16.83,2026-03-13,0.2947,-0.3408,-0.0415
S_10,51.11,16.83,2026-03-18,0.2747,-0.2983,-0.0134
S_10,51.11,16.83,2026-03-23,0.318,-0.3385,-0.014
S_10,51.11,16.83,2026-04-02,0.3741,-0.3908,0.0079
S_10,51.11,16.83,2026-04-07,0.4267,-0.4534,-0.0017
S_10,51.11,16.83,2026-04-12,0.4267,-0.4534,-0.0017
S_11,51.03,16.85,2025-06-01,0.6273,-0.5925,0.2984
S_11,51.03,16.85,2025-06-06,0.633,-0.5975,0.3012
S_11,51.03,16.85,2025-06-11,0.6346,-0.5968,0.3115
S_11,51.03,16.85,2025-06-16,0.6204,-0.5888,0.3034
S_11,51.03,16.85,2025-06-21,0.5905,-0.5733,0.2769
S_11,51.03,16.85,2025-06-26,0.5455,-0.552,0.2277
S_11,51.03,16.85,2025-07-01,0.4911,-0.5217,0.179
S_11,51.03,16.85,2025-07-06,0.4543,-0.4962,0.1331
S_11,51.03,16.85,2025-07-11,0.4444,-0.4848,0.0895
S_11,51.03,16.85,2025-07-16,0.4395,-0.4581,0.115
S_11,51.03,16.85,2025-07-21,0.436,-0.4506,0.0953
S_11,51.03,16.85,2025-07-26,0.4256,-0.442,0.0888
S_11,51.03,16.85,2025-07-31,0.4303,-0.4614,0.0284
S_11,51.03,16.85,2025-08-05,0.4529,-0.4831,0.043
S_11,51.03,16.85,2025-08-10,0.4834,-0.508,0.0643
S_11,51.03,16.85,2025-08-15,0.5058,-0.5238,0.0951
S_11,51.03,16.85,2025-08-20,0.4966,-0.5154,0.0958
S_11,51.03,16.85,2025-08-25,0.4743,-0.502,0.0764
S_11,51.03,16.85,2025-08-30,0.4303,-0.4647,0.0435
S_11,51.03,16.85,2025-09-04,0.3617,-0.3963,0.02
S_11,51.03,16.85,2025-09-09,0.2684,-0.2968,0.0057
S_11,51.03,16.85,2025-09-14,0.2935,-0.3211,-0.0048
S_11,51.03,16.85,2025-09-19,0.3487,-0.3809,-0.0064
S_11,51.03,16.85,2025-09-24,0.4335,-0.4711,-0.0008
S_11,51.03,16.85,2025-09-29,0.4295,-0.4679,0.0081
S_11,51.03,16.85,2025-10-04,0.425,-0.4597,0.0152
S_11,51.03,16.85,2025-10-09,0.4206,-0.4514,0.0223
S_11,51.03,16.85,2025-10-14,0.4157,-0.4481,0.0223
S_11,51.03,16.85,2025-10-19,0.4103,-0.4496,0.0155
S_11,51.03,16.85,2025-10-24,0.4044,-0.456,0.0017
S_11,51.03,16.85,2025-10-29,0.3984,-0.4623,-0.0121
S_11,51.03,16.85,2025-11-03,0.3962,-0.4676,-0.0203
S_11,51.03,16.85,2025-11-08,0.3976,-0.4718,-0.0228
S_11,51.03,16.85,2025-11-13,0.4027,-0.4748,-0.0197
S_11,51.03,16.85,2025-11-18,0.4078,-0.4779,-0.0166
S_11,51.03,16.85,2025-11-23,0.413,-0.481,-0.0134
S_11,51.03,16.85,2025-11-28,0.4181,-0.4841,-0.0103
S_11,51.03,16.85,2025-12-03,0.4232,-0.4871,-0.0072
S_11,51.03,16.85,2025-12-08,0.4343,-0.4935,0.0198
S_11,51.03,16.85,2025-12-13,0.438,-0.4941,0.0374
S_11,51.03,16.85,2025-12-18,0.4344,-0.489,0.0455
S_11,51.03,16.85,2025-12-23,0.4175,-0.475,0.0203
S_11,51.03,16.85,2025-12-28,0.2643,-0.3998,-0.0071
S_11,51.03,16.85,2026-01-02,0.1304,-0.3353,-0.0272
S_11,51.03,16.85,2026-01-07,0.016,-0.2815,-0.04
S_11,51.03,16.85,2026-01-12,0.0571,-0.2995,-0.0431
S_11,51.03,16.85,2026-01-22,0.0983,-0.3174,-0.0463
S_11,51.03,16.85,2026-02-01,0.1394,-0.3354,-0.0494
S_11,51.03,16.85,2026-02-06,0.1806,-0.3533,-0.0526
S_11,51.03,16.85,2026-02-11,0.2217,-0.3713,-0.0557
S_11,51.03,16.85,2026-02-16,0.2629,-0.3892,-0.0589
S_11,51.03,16.85,2026-02-21,0.304,-0.4072,-0.062
S_11,51.03,16.85,2026-02-26,0.3367,-0.4164,-0.0594
S_11,51.03,16.85,2026-03-03,0.3201,-0.3794,-0.052
S_11,51.03,16.85,2026-03-08,0.3343,-0.3526,0.0165
S_11,51.03,16.85,2026-03-13,0.2753,-0.289,-0.0026
S_11,51.03,16.85,2026-03-18,0.2421,-0.2438,-0.0008
S_11,51.03,16.85,2026-03-23,0.2798,-0.3002,-0.0127
S_11,51.03,16.85,2026-04-02,0.3757,-0.3869,0.0606
S_11,51.03,16.85,2026-04-07,0.4716,-0.4866,0.1115
S_11,51.03,16.85,2026-04-12,0.4572,-0.4731,0.1148
S_12,51.05,16.85,2025-06-01,0.594,-0.5768,0.2034
S_12,51.05,16.85,2025-06-06,0.6152,-0.5911,0.2157
S_12,51.05,16.85,2025-06-11,0.6536,-0.6163,0.2539
S_12,51.05,16.85,2025-06-16,0.6782,-0.636,0.285
S_12,51.05,16.85,2025-06-21,0.6889,-0.6503,0.3087
S_12,51.05,16.85,2025-06-26,0.6666,-0.641,0.301
S_12,51.05,16.85,2025-07-01,0.621,-0.6102,0.2824
S_12,51.05,16.85,2025-07-06,0.5738,-0.5737,0.248
S_12,51.05,16.85,2025-07-11,0.5482,-0.553,0.2085
S_12,51.05,16.85,2025-07-16,0.485,-0.4945,0.1852
S_12,51.05,16.85,2025-07-21,0.5371,-0.532,0.2225
S_12,51.05,16.85,2025-07-26,0.5766,-0.5601,0.2592
S_12,51.05,16.85,2025-07-31,0.6629,-0.6324,0.2738
S_12,51.05,16.85,2025-08-05,0.6327,-0.6132,0.2336
S_12,51.05,16.85,2025-08-10,0.6079,-0.5964,0.2044
S_12,51.05,16.85,2025-08-15,0.565,-0.5623,0.1816
S_12,51.05,16.85,2025-08-20,0.532,-0.5335,0.1612
S_12,51.05,16.85,2025-08-25,0.515,-0.5215,0.1382
S_12,51.05,16.85,2025-08-30,0.461,-0.431,0.2099
S_12,51.05,16.85,2025-09-04,0.4184,-0.3618,0.2527
S_12,51.05,16.85,2025-09-09,0.3873,-0.3139,0.2666
S_12,51.05,16.85,2025-09-14,0.4568,-0.4185,0.1579
S_12,51.05,16.85,2025-09-19,0.4913,-0.4884,0.0796
S_12,51.05,16.85,2025-09-24,0.4897,-0.5134,0.0318
S_12,51.05,16.85,2025-09-29,0.4392,-0.4774,0.0154
S_12,51.05,16.85,2025-10-04,0.3874,-0.4312,-0.001
S_12,51.05,16.85,2025-10-09,0.3356,-0.385,-0.0174
S_12,51.05,16.85,2025-10-14,0.3035,-0.3619,-0.0356
S_12,51.05,16.85,2025-10-19,0.2911,-0.362,-0.0555
S_12,51.05,16.85,2025-10-24,0.2983,-0.3852,-0.0771
S_12,51.05,16.85,2025-10-29,0.3056,-0.4084,-0.0986
S_12,51.05,16.85,2025-11-03,0.2835,-0.3816,-0.0485
S_12,51.05,16.85,2025-11-08,0.2319,-0.3047,0.0734
S_12,51.05,16.85,2025-11-13,0.1509,-0.1777,0.267
S_12,51.05,16.85,2025-11-18,0.0699,-0.0508,0.4607
S_12,51.05,16.85,2025-11-23,0.0296,0.0127,0.4961
S_12,51.05,16.85,2025-11-28,0.0301,0.013,0.3735
S_12,51.05,16.85,2025-12-03,0.128,-0.1486,0.1144
S_12,51.05,16.85,2025-12-08,0.2212,-0.2999,-0.0313
S_12,51.05,16.85,2025-12-13,0.2975,-0.425,-0.0877
S_12,51.05,16.85,2025-12-18,0.3001,-0.4254,-0.0766
S_12,51.05,16.85,2025-12-23,0.2904,-0.4099,-0.0897
S_12,51.05,16.85,2025-12-28,0.2119,-0.3096,-0.0027
S_12,51.05,16.85,2026-01-02,0.1435,-0.2237,0.0761
S_12,51.05,16.85,2026-01-07,0.0853,-0.1523,0.1468
S_12,51.05,16.85,2026-01-12,0.1062,-0.1801,0.1093
S_12,51.05,16.85,2026-01-22,0.1271,-0.2078,0.0718
S_12,51.05,16.85,2026-02-01,0.148,-0.2356,0.0343
S_12,51.05,16.85,2026-02-06,0.1688,-0.2634,-0.0031
S_12,51.05,16.85,2026-02-11,0.1897,-0.2912,-0.0406
S_12,51.05,16.85,2026-02-16,0.2106,-0.3189,-0.0781
S_12,51.05,16.85,2026-02-21,0.2315,-0.3467,-0.1156
S_12,51.05,16.85,2026-02-26,0.2475,-0.3601,-0.1403
S_12,51.05,16.85,2026-03-03,0.2328,-0.324,-0.1437
S_12,51.05,16.85,2026-03-08,0.2001,-0.2544,-0.1126
S_12,51.05,16.85,2026-03-13,0.1674,-0.194,-0.0816
S_12,51.05,16.85,2026-03-18,0.1603,-0.1778,-0.0593
S_12,51.05,16.85,2026-03-23,0.2103,-0.2483,-0.0702
S_12,51.05,16.85,2026-04-02,0.2484,-0.3034,-0.0769
S_12,51.05,16.85,2026-04-07,0.2746,-0.3432,-0.0794
S_12,51.05,16.85,2026-04-12,0.2597,-0.3263,-0.0727
S_13,51.07,16.85,2025-06-01,0.5494,-0.5477,0.056
S_13,51.07,16.85,2025-06-06,0.5676,-0.5604,0.0696
S_13,51.07,16.85,2025-06-11,0.6228,-0.5947,0.1279
S_13,51.07,16.85,2025-06-16,0.6802,-0.6344,0.1944
S_13,51.07,16.85,2025-06-21,0.7398,-0.6795,0.2692
S_13,51.07,16.85,2025-06-26,0.7444,-0.686,0.3031
S_13,51.07,16.85,2025-07-01,0.7278,-0.6689,0.323
S_13,51.07,16.85,2025-07-06,0.6982,-0.6451,0.3237
S_13,51.07,16.85,2025-07-11,0.6944,-0.6494,0.3232
S_13,51.07,16.85,2025-07-16,0.7132,-0.6738,0.3318
S_13,51.07,16.85,2025-07-21,0.7462,-0.7015,0.3544
S_13,51.07,16.85,2025-07-26,0.7821,-0.7243,0.3856
S_13,51.07,16.85,2025-07-31,0.8064,-0.739,0.4112
S_13,51.07,16.85,2025-08-05,0.7907,-0.7316,0.3875
S_13,51.07,16.85,2025-08-10,0.7913,-0.7309,0.3845
S_13,51.07,16.85,2025-08-15,0.7746,-0.719,0.3579
S_13,51.07,16.85,2025-08-20,0.7692,-0.7099,0.3513
S_13,51.07,16.85,2025-08-25,0.7303,-0.6831,0.3005
S_13,51.07,16.85,2025-08-30,0.576,-0.5151,0.2968
S_13,51.07,16.85,2025-09-04,0.5698,-0.5107,0.2825
S_13,51.07,16.85,2025-09-09,0.5098,-0.4435,0.2884
S_13,51.07,16.85,2025-09-14,0.6268,-0.5826,0.2276
S_13,51.07,16.85,2025-09-19,0.5927,-0.5616,0.1837
S_13,51.07,16.85,2025-09-24,0.6012,-0.5943,0.1175
S_13,51.07,16.85,2025-09-29,0.5369,-0.5527,0.0688
S_13,51.07,16.85,2025-10-04,0.4646,-0.4983,0.0119
S_13,51.07,16.85,2025-10-09,0.3922,-0.4439,-0.0449
S_13,51.07,16.85,2025-10-14,0.3406,-0.4115,-0.0901
S_13,51.07,16.85,2025-10-19,0.3098,-0.4011,-0.1236
S_13,51.07,16.85,2025-10-24,0.2999,-0.4127,-0.1456
S_13,51.07,16.85,2025-10-29,0.29,-0.4243,-0.1676
S_13,51.07,16.85,2025-11-03,0.2741,-0.4127,-0.1671
S_13,51.07,16.85,2025-11-08,0.2523,-0.3778,-0.1443
S_13,51.07,16.85,2025-11-13,0.2246,-0.3196,-0.0991
S_13,51.07,16.85,2025-11-18,0.1969,-0.2615,-0.0539
S_13,51.07,16.85,2025-11-23,0.1691,-0.2034,-0.0086
S_13,51.07,16.85,2025-11-28,0.1414,-0.1452,0.0366
S_13,51.07,16.85,2025-12-03,0.1642,-0.21,-0.0259
S_13,51.07,16.85,2025-12-08,0.209,-0.3123,-0.0818
S_13,51.07,16.85,2025-12-13,0.2614,-0.4288,-0.1535
S_13,51.07,16.85,2025-12-18,0.271,-0.4366,-0.1331
S_13,51.07,16.85,2025-12-23,0.2664,-0.421,-0.135
S_13,51.07,16.85,2025-12-28,0.2623,-0.4096,-0.1397
S_13,51.07,16.85,2026-01-02,0.2587,-0.4024,-0.1473
S_13,51.07,16.85,2026-01-07,0.2556,-0.3993,-0.1578
S_13,51.07,16.85,2026-01-12,0.2526,-0.3962,-0.1683
S_13,51.07,16.85,2026-01-22,0.2495,-0.3931,-0.1788
S_13,51.07,16.85,2026-02-01,0.2464,-0.39,-0.1893
S_13,51.07,16.85,2026-02-06,0.2433,-0.3869,-0.1998
S_13,51.07,16.85,2026-02-11,0.2402,-0.3838,-0.2103
S_13,51.07,16.85,2026-02-16,0.2372,-0.3807,-0.2208
S_13,51.07,16.85,2026-02-21,0.2341,-0.3776,-0.2313
S_13,51.07,16.85,2026-02-26,0.2348,-0.3722,-0.2415
S_13,51.07,16.85,2026-03-03,0.1737,-0.2573,-0.1492
S_13,51.07,16.85,2026-03-08,0.1577,-0.2109,-0.1214
S_13,51.07,16.85,2026-03-13,0.1347,-0.1674,-0.0814
S_13,51.07,16.85,2026-03-18,0.181,-0.2379,-0.1527
S_13,51.07,16.85,2026-03-23,0.2134,-0.279,-0.1693
S_13,51.07,16.85,2026-04-02,0.2484,-0.3199,-0.1907
S_13,51.07,16.85,2026-04-07,0.2755,-0.357,-0.1958
S_13,51.07,16.85,2026-04-12,0.2732,-0.3562,-0.1897
S_14,51.09,16.85,2025-06-01,0.6544,-0.6154,0.2902
S_14,51.09,16.85,2025-06-06,0.6533,-0.6143,0.2862
S_14,51.09,16.85,2025-06-11,0.6185,-0.5901,0.2681
S_14,51.09,16.85,2025-06-16,0.5898,-0.5747,0.2496
S_14,51.09,16.85,2025-06-21,0.5674,-0.5681,0.2307
S_14,51.09,16.85,2025-06-26,0.5541,-0.5623,0.2197
S_14,51.09,16.85,2025-07-01,0.4925,-0.5115,0.1865
S_14,51.09,16.85,2025-07-06,0.4352,-0.4608,0.1417
S_14,51.09,16.85,2025-07-11,0.4116,-0.4404,0.0868
S_14,51.09,16.85,2025-07-16,0.4098,-0.4181,0.0969
S_14,51.09,16.85,2025-07-21,0.4368,-0.4388,0.1039
S_14,51.09,16.85,2025-07-26,0.4594,-0.4549,0.1279
S_14,51.09,16.85,2025-07-31,0.5086,-0.5132,0.1146
S_14,51.09,16.85,2025-08-05,0.5108,-0.5214,0.103
S_14,51.09,16.85,2025-08-10,0.4779,-0.5031,0.0775
S_14,51.09,16.85,2025-08-15,0.4006,-0.4077,0.095
S_14,51.09,16.85,2025-08-20,0.3643,-0.3564,0.1067
S_14,51.09,16.85,2025-08-25,0.3902,-0.3736,0.1082
S_14,51.09,16.85,2025-08-30,0.4679,-0.4737,0.0767
S_14,51.09,16.85,2025-09-04,0.5257,-0.538,0.0795
S_14,51.09,16.85,2025-09-09,0.5188,-0.5133,0.1176
S_14,51.09,16.85,2025-09-14,0.5326,-0.5178,0.117
S_14,51.09,16.85,2025-09-19,0.5392,-0.5184,0.1171
S_14,51.09,16.85,2025-09-24,0.562,-0.5498,0.0981
S_14,51.09,16.85,2025-09-29,0.5356,-0.5296,0.0999
S_14,51.09,16.85,2025-10-04,0.4879,-0.4909,0.0829
S_14,51.09,16.85,2025-10-09,0.4402,-0.4522,0.0659
S_14,51.09,16.85,2025-10-14,0.4169,-0.4368,0.0547
S_14,51.09,16.85,2025-10-19,0.4179,-0.4444,0.0494
S_14,51.09,16.85,2025-10-24,0.4432,-0.4752,0.0499
S_14,51.09,16.85,2025-10-29,0.4686,-0.506,0.0504
S_14,51.09,16.85,2025-11-03,0.4818,-0.5232,0.0486
S_14,51.09,16.85,2025-11-08,0.4828,-0.5267,0.0446
S_14,51.09,16.85,2025-11-13,0.4717,-0.5166,0.0384
S_14,51.09,16.85,2025-11-18,0.4605,-0.5065,0.0321
S_14,51.09,16.85,2025-11-23,0.4494,-0.4964,0.0258
S_14,51.09,16.85,2025-11-28,0.4382,-0.4863,0.0195
S_14,51.09,16.85,2025-12-03,0.4271,-0.4762,0.0133
S_14,51.09,16.85,2025-12-08,0.4329,-0.4907,0.0299
S_14,51.09,16.85,2025-12-13,0.435,-0.5019,0.0435
S_14,51.09,16.85,2025-12-18,0.4335,-0.5098,0.0542
S_14,51.09,16.85,2025-12-23,0.4114,-0.4897,0.0389
S_14,51.09,16.85,2025-12-28,0.3931,-0.4739,0.0237
S_14,51.09,16.85,2026-01-02,0.3786,-0.4625,0.0085
S_14,51.09,16.85,2026-01-07,0.3679,-0.4554,-0.0067
S_14,51.09,16.85,2026-01-12,0.3572,-0.4483,-0.0219
S_14,51.09,16.85,2026-01-22,0.3465,-0.4412,-0.0371
S_14,51.09,16.85,2026-02-01,0.3358,-0.4342,-0.0523
S_14,51.09,16.85,2026-02-06,0.3252,-0.4271,-0.0676
S_14,51.09,16.85,2026-02-11,0.3145,-0.42,-0.0828
S_14,51.09,16.85,2026-02-16,0.3038,-0.4129,-0.098
S_14,51.09,16.85,2026-02-21,0.2931,-0.4058,-0.1132
S_14,51.09,16.85,2026-02-26,0.2851,-0.3958,-0.1224
S_14,51.09,16.85,2026-03-03,0.2792,-0.3736,-0.1102
S_14,51.09,16.85,2026-03-08,0.2753,-0.3392,-0.0767
S_14,51.09,16.85,2026-03-13,0.2739,-0.3102,-0.0412
S_14,51.09,16.85,2026-03-18,0.264,-0.2836,-0.0268
S_14,51.09,16.85,2026-03-23,0.2706,-0.2947,-0.0136
S_14,51.09,16.85,2026-04-02,0.2857,-0.3128,0.0
S_14,51.09,16.85,2026-04-07,0.3207,-0.35,0.0218
S_14,51.09,16.85,2026-04-12,0.3357,-0.3607,0.027
S_15,51.11,16.85,2025-06-01,0.7557,-0.6678,0.3855
S_15,51.11,16.85,2025-06-06,0.755,-0.6679,0.3824
S_15,51.11,16.85,2025-06-11,0.742,-0.6558,0.3783
S_15,51.11,16.85,2025-06-16,0.6033,-0.5292,0.3459
S_15,51.11,16.85,2025-06-21,0.568,-0.5131,0.3032
S_15,51.11,16.85,2025-06-26,0.5212,-0.4922,0.2363
S_15,51.11,16.85,2025-07-01,0.607,-0.5843,0.2079
S_15,51.11,16.85,2025-07-06,0.5934,-0.5687,0.1796
S_15,51.11,16.85,2025-07-11,0.607,-0.5724,0.1632
S_15,51.11,16.85,2025-07-16,0.549,-0.5113,0.1508
S_15,51.11,16.85,2025-07-21,0.5449,-0.5099,0.1365
S_15,51.11,16.85,2025-07-26,0.5425,-0.5072,0.1442
S_15,51.11,16.85,2025-07-31,0.6109,-0.5722,0.1492
S_15,51.11,16.85,2025-08-05,0.6243,-0.583,0.1559
S_15,51.11,16.85,2025-08-10,0.6402,-0.5974,0.165
S_15,51.11,16.85,2025-08-15,0.6244,-0.5903,0.1573
S_15,51.11,16.85,2025-08-20,0.6011,-0.5736,0.1487
S_15,51.11,16.85,2025-08-25,0.5647,-0.5505,0.1144
S_15,51.11,16.85,2025-08-30,0.5664,-0.557,0.0986
S_15,51.11,16.85,2025-09-04,0.5848,-0.5744,0.1077
S_15,51.11,16.85,2025-09-09,0.589,-0.5684,0.1246
S_15,51.11,16.85,2025-09-14,0.5889,-0.568,0.1123
S_15,51.11,16.85,2025-09-19,0.5754,-0.5581,0.0964
S_15,51.11,16.85,2025-09-24,0.5787,-0.5704,0.0877
S_15,51.11,16.85,2025-09-29,0.5723,-0.565,0.0979
S_15,51.11,16.85,2025-10-04,0.5653,-0.5568,0.1016
S_15,51.11,16.85,2025-10-09,0.5582,-0.5487,0.1054
S_15,51.11,16.85,2025-10-14,0.5464,-0.5427,0.0981
S_15,51.11,16.85,2025-10-19,0.5298,-0.5386,0.0796
S_15,51.11,16.85,2025-10-24,0.5084,-0.5367,0.05
S_15,51.11,16.85,2025-10-29,0.4871,-0.5347,0.0204
S_15,51.11,16.85,2025-11-03,0.4705,-0.5299,0.0004
S_15,51.11,16.85,2025-11-08,0.4587,-0.5223,-0.01
S_15,51.11,16.85,2025-11-13,0.4517,-0.5117,-0.0109
S_15,51.11,16.85,2025-11-18,0.4447,-0.5012,-0.0117
S_15,51.11,16.85,2025-11-23,0.4378,-0.4906,-0.0126
S_15,51.11,16.85,2025-11-28,0.4308,-0.4801,-0.0134
S_15,51.11,16.85,2025-12-03,0.4238,-0.4695,-0.0143
S_15,51.11,16.85,2025-12-08,0.4403,-0.4923,0.0096
S_15,51.11,16.85,2025-12-13,0.4519,-0.5111,0.0323
S_15,51.11,16.85,2025-12-18,0.4588,-0.5259,0.0538
S_15,51.11,16.85,2025-12-23,0.4373,-0.5034,0.0494
S_15,51.11,16.85,2025-12-28,0.4205,-0.4868,0.0417
S_15,51.11,16.85,2026-01-02,0.4083,-0.4762,0.0307
S_15,51.11,16.85,2026-01-07,0.4008,-0.4715,0.0163
S_15,51.11,16.85,2026-01-12,0.3932,-0.4668,0.0019
S_15,51.11,16.85,2026-01-22,0.3857,-0.4621,-0.0125
S_15,51.11,16.85,2026-02-01,0.3781,-0.4574,-0.027
S_15,51.11,16.85,2026-02-06,0.3705,-0.4526,-0.0414
S_15,51.11,16.85,2026-02-11,0.363,-0.4479,-0.0558
S_15,51.11,16.85,2026-02-16,0.3554,-0.4432,-0.0702
S_15,51.11,16.85,2026-02-21,0.3479,-0.4385,-0.0846
S_15,51.11,16.85,2026-02-26,0.3422,-0.4318,-0.093
S_15,51.11,16.85,2026-03-03,0.348,-0.4203,-0.0824
S_15,51.11,16.85,2026-03-08,0.3652,-0.404,-0.0527
S_15,51.11,16.85,2026-03-13,0.3921,-0.3848,-0.01
S_15,51.11,16.85,2026-03-18,0.3947,-0.3712,0.0213
S_15,51.11,16.85,2026-03-23,0.4115,-0.3834,0.0664
S_15,51.11,16.85,2026-04-02,0.4193,-0.4019,0.0972
S_15,51.11,16.85,2026-04-07,0.4425,-0.4213,0.1253
S_15,51.11,16.85,2026-04-12,0.4425,-0.4213,0.1253
S_16,51.03,16.87,2025-06-01,0.694,-0.6264,0.4319
S_16,51.03,16.87,2025-06-06,0.6908,-0.625,0.4288
S_16,51.03,16.87,2025-06-11,0.6611,-0.5924,0.4372
S_16,51.03,16.87,2025-06-16,0.6255,-0.5668,0.4188
S_16,51.03,16.87,2025-06-21,0.5839,-0.5484,0.3734
S_16,51.03,16.87,2025-06-26,0.5091,-0.5104,0.2756
S_16,51.03,16.87,2025-07-01,0.4532,-0.4893,0.1949
S_16,51.03,16.87,2025-07-06,0.3982,-0.4537,0.1208
S_16,51.03,16.87,2025-07-11,0.3946,-0.4605,0.064
S_16,51.03,16.87,2025-07-16,0.3398,-0.3845,0.0666
S_16,51.03,16.87,2025-07-21,0.3339,-0.3724,0.0506
S_16,51.03,16.87,2025-07-26,0.2825,-0.3041,0.0705
S_16,51.03,16.87,2025-07-31,0.3467,-0.3786,0.0374
S_16,51.03,16.87,2025-08-05,0.3787,-0.4013,0.0572
S_16,51.03,16.87,2025-08-10,0.459,-0.4854,0.0633
S_16,51.03,16.87,2025-08-15,0.4646,-0.4843,0.085
S_16,51.03,16.87,2025-08-20,0.4386,-0.4677,0.07
S_16,51.03,16.87,2025-08-25,0.3946,-0.4424,0.0299
S_16,51.03,16.87,2025-08-30,0.3098,-0.3162,0.0558
S_16,51.03,16.87,2025-09-04,0.2583,-0.2865,0.0269
S_16,51.03,16.87,2025-09-09,0.2168,-0.2276,0.0408
S_16,51.03,16.87,2025-09-14,0.2677,-0.3307,-0.0394
S_16,51.03,16.87,2025-09-19,0.3044,-0.3505,-0.0341
S_16,51.03,16.87,2025-09-24,0.3577,-0.4135,-0.044
S_16,51.03,16.87,2025-09-29,0.363,-0.4202,-0.0335
S_16,51.03,16.87,2025-10-04,0.3758,-0.4277,-0.0262
S_16,51.03,16.87,2025-10-09,0.3886,-0.4352,-0.0188
S_16,51.03,16.87,2025-10-14,0.4021,-0.4454,-0.0101
S_16,51.03,16.87,2025-10-19,0.4162,-0.458,0.0001
S_16,51.03,16.87,2025-10-24,0.431,-0.4732,0.0116
S_16,51.03,16.87,2025-10-29,0.4457,-0.4885,0.0232
S_16,51.03,16.87,2025-11-03,0.441,-0.4797,0.0386
S_16,51.03,16.87,2025-11-08,0.4168,-0.4469,0.058
S_16,51.03,16.87,2025-11-13,0.3731,-0.3901,0.0814
S_16,51.03,16.87,2025-11-18,0.3295,-0.3333,0.1048
S_16,51.03,16.87,2025-11-23,0.2858,-0.2765,0.1281
S_16,51.03,16.87,2025-11-28,0.2421,-0.2197,0.1514
S_16,51.03,16.87,2025-12-03,0.3142,-0.3012,0.1359
S_16,51.03,16.87,2025-12-08,0.4082,-0.4075,0.1415
S_16,51.03,16.87,2025-12-13,0.5105,-0.528,0.1292
S_16,51.03,16.87,2025-12-18,0.5053,-0.5242,0.1379
S_16,51.03,16.87,2025-12-23,0.4867,-0.5096,0.1073
S_16,51.03,16.87,2025-12-28,0.472,-0.4985,0.0845
S_16,51.03,16.87,2026-01-02,0.4614,-0.4909,0.0694
S_16,51.03,16.87,2026-01-07,0.4549,-0.4869,0.0621
S_16,51.03,16.87,2026-01-12,0.4483,-0.4828,0.0547
S_16,51.03,16.87,2026-01-22,0.4418,-0.4787,0.0474
S_16,51.03,16.87,2026-02-01,0.4352,-0.4746,0.04
S_16,51.03,16.87,2026-02-06,0.4286,-0.4706,0.0326
S_16,51.03,16.87,2026-02-11,0.4221,-0.4665,0.0253
S_16,51.03,16.87,2026-02-16,0.4155,-0.4624,0.0179
S_16,51.03,16.87,2026-02-21,0.409,-0.4584,0.0106
S_16,51.03,16.87,2026-02-26,0.4101,-0.4558,0.0109
S_16,51.03,16.87,2026-03-03,0.3862,-0.418,0.0195
S_16,51.03,16.87,2026-03-08,0.3829,-0.381,0.0751
S_16,51.03,16.87,2026-03-13,0.3849,-0.3586,0.1265
S_16,51.03,16.87,2026-03-18,0.4249,-0.3876,0.1728
S_16,51.03,16.87,2026-03-23,0.4656,-0.4447,0.1805
S_16,51.03,16.87,2026-04-02,0.4908,-0.4806,0.1953
S_16,51.03,16.87,2026-04-07,0.5002,-0.4952,0.2172
S_16,51.03,16.87,2026-04-12,0.4931,-0.4855,0.229
S_17,51.05,16.87,2025-06-01,0.5515,-0.5407,0.1058
S_17,51.05,16.87,2025-06-06,0.5703,-0.5544,0.1188
S_17,51.05,16.87,2025-06-11,0.5863,-0.5579,0.1743
S_17,51.05,16.87,2025-06-16,0.6131,-0.5753,0.2261
S_17,51.05,16.87,2025-06-21,0.6506,-0.6067,0.2742
S_17,51.05,16.87,2025-06-26,0.6539,-0.6093,0.2779
S_17,51.05,16.87,2025-07-01,0.6567,-0.6142,0.2858
S_17,51.05,16.87,2025-07-06,0.633,-0.5946,0.2774
S_17,51.05,16.87,2025-07-11,0.6492,-0.6175,0.2638
S_17,51.05,16.87,2025-07-16,0.5845,-0.5501,0.2629
S_17,51.05,16.87,2025-07-21,0.582,-0.5475,0.2568
S_17,51.05,16.87,2025-07-26,0.5801,-0.5443,0.2604
S_17,51.05,16.87,2025-07-31,0.6338,-0.6038,0.2406
S_17,51.05,16.87,2025-08-05,0.643,-0.6172,0.2379
S_17,51.05,16.87,2025-08-10,0.6434,-0.6234,0.2301
S_17,51.05,16.87,2025-08-15,0.6008,-0.5979,0.1921
S_17,51.05,16.87,2025-08-20,0.56,-0.5664,0.1584
S_17,51.05,16.87,2025-08-25,0.5469,-0.5555,0.1365
S_17,51.05,16.87,2025-08-30,0.4226,-0.3926,0.1212
S_17,51.05,16.87,2025-09-04,0.2433,-0.2045,0.0795
S_17,51.05,16.87,2025-09-09,0.1437,-0.1018,0.0448
S_17,51.05,16.87,2025-09-14,0.2968,-0.2818,0.0474
S_17,51.05,16.87,2025-09-19,0.4833,-0.4765,0.0724
S_17,51.05,16.87,2025-09-24,0.5599,-0.5648,0.074
S_17,51.05,16.87,2025-09-29,0.5268,-0.5468,0.0523
S_17,51.05,16.87,2025-10-04,0.4853,-0.5185,0.0184
S_17,51.05,16.87,2025-10-09,0.4438,-0.4902,-0.0155
S_17,51.05,16.87,2025-10-14,0.4121,-0.471,-0.0446
S_17,51.05,16.87,2025-10-19,0.3901,-0.4609,-0.069
S_17,51.05,16.87,2025-10-24,0.3778,-0.46,-0.0886
S_17,51.05,16.87,2025-10-29,0.3656,-0.459,-0.1082
S_17,51.05,16.87,2025-11-03,0.3231,-0.409,-0.0773
S_17,51.05,16.87,2025-11-08,0.2504,-0.31,0.0041
S_17,51.05,16.87,2025-11-13,0.1473,-0.1621,0.136
S_17,51.05,16.87,2025-11-18,0.0442,-0.0142,0.268
S_17,51.05,16.87,2025-11-23,0.0166,0.0222,0.2957
S_17,51.05,16.87,2025-11-28,0.0644,-0.0531,0.2193
S_17,51.05,16.87,2025-12-03,0.1877,-0.24,0.0386
S_17,51.05,16.87,2025-12-08,0.2776,-0.3735,-0.0637
S_17,51.05,16.87,2025-12-13,0.3234,-0.4393,-0.1082
S_17,51.05,16.87,2025-12-18,0.3251,-0.4372,-0.095
S_17,51.05,16.87,2025-12-23,0.316,-0.4207,-0.1023
S_17,51.05,16.87,2025-12-28,0.2306,-0.2925,0.0484
S_17,51.05,16.87,2026-01-02,0.1558,-0.1822,0.1813
S_17,51.05,16.87,2026-01-07,0.0917,-0.0898,0.2965
S_17,51.05,16.87,2026-01-12,0.1146,-0.1268,0.2359
S_17,51.05,16.87,2026-01-22,0.1375,-0.1639,0.1753
S_17,51.05,16.87,2026-02-01,0.1604,-0.2009,0.1147
S_17,51.05,16.87,2026-02-06,0.1833,-0.238,0.0542
S_17,51.05,16.87,2026-02-11,0.2062,-0.275,-0.0064
S_17,51.05,16.87,2026-02-16,0.2291,-0.3121,-0.067
S_17,51.05,16.87,2026-02-21,0.252,-0.3491,-0.1276
S_17,51.05,16.87,2026-02-26,0.2662,-0.3684,-0.1655
S_17,51.05,16.87,2026-03-03,0.2392,-0.3255,-0.1825
S_17,51.05,16.87,2026-03-08,0.2089,-0.2644,-0.1307
S_17,51.05,16.87,2026-03-13,0.1843,-0.2166,-0.0935
S_17,51.05,16.87,2026-03-18,0.198,-0.2265,-0.0694
S_17,51.05,16.87,2026-03-23,0.2345,-0.2782,-0.0909
S_17,51.05,16.87,2026-04-02,0.2601,-0.3161,-0.0975
S_17,51.05,16.87,2026-04-07,0.275,-0.3402,-0.089
S_17,51.05,16.87,2026-04-12,0.2658,-0.3314,-0.0849
S_18,51.07,16.87,2025-06-01,0.5576,-0.5429,0.0991
S_18,51.07,16.87,2025-06-06,0.5682,-0.5512,0.1072
S_18,51.07,16.87,2025-06-11,0.6037,-0.5717,0.1515
S_18,51.07,16.87,2025-06-16,0.6386,-0.5958,0.1921
S_18,51.07,16.87,2025-06-21,0.673,-0.6236,0.2288
S_18,51.07,16.87,2025-06-26,0.6542,-0.613,0.2183
S_18,51.07,16.87,2025-07-01,0.6467,-0.6053,0.235
S_18,51.07,16.87,2025-07-06,0.6413,-0.5965,0.2482
S_18,51.07,16.87,2025-07-11,0.6767,-0.6246,0.2736
S_18,51.07,16.87,2025-07-16,0.6425,-0.5774,0.2745
S_18,51.07,16.87,2025-07-21,0.6595,-0.5938,0.283
S_18,51.07,16.87,2025-07-26,0.6601,-0.5946,0.289
S_18,51.07,16.87,2025-07-31,0.7045,-0.6509,0.2866
S_18,51.07,16.87,2025-08-05,0.7055,-0.6531,0.2856
S_18,51.07,16.87,2025-08-10,0.6962,-0.6496,0.2731
S_18,51.07,16.87,2025-08-15,0.6955,-0.6539,0.2631
S_18,51.07,16.87,2025-08-20,0.6791,-0.6411,0.244
S_18,51.07,16.87,2025-08-25,0.6814,-0.6418,0.2389
S_18,51.07,16.87,2025-08-30,0.6806,-0.6431,0.2338
S_18,51.07,16.87,2025-09-04,0.6767,-0.6448,0.229
S_18,51.07,16.87,2025-09-09,0.5994,-0.5551,0.2251
S_18,51.07,16.87,2025-09-14,0.6011,-0.5528,0.2132
S_18,51.07,16.87,2025-09-19,0.5994,-0.5481,0.2046
S_18,51.07,16.87,2025-09-24,0.6485,-0.62,0.1779
S_18,51.07,16.87,2025-09-29,0.5992,-0.5888,0.1421
S_18,51.07,16.87,2025-10-04,0.5339,-0.5446,0.0859
S_18,51.07,16.87,2025-10-09,0.4685,-0.5003,0.0296
S_18,51.07,16.87,2025-10-14,0.4253,-0.4742,-0.0108
S_18,51.07,16.87,2025-10-19,0.404,-0.4663,-0.0354
S_18,51.07,16.87,2025-10-24,0.4049,-0.4765,-0.0441
S_18,51.07,16.87,2025-10-29,0.4058,-0.4867,-0.0529
S_18,51.07,16.87,2025-11-03,0.3707,-0.4448,-0.0199
S_18,51.07,16.87,2025-11-08,0.2998,-0.3508,0.0547
S_18,51.07,16.87,2025-11-13,0.1931,-0.2046,0.171
S_18,51.07,16.87,2025-11-18,0.0864,-0.0585,0.2873
S_18,51.07,16.87,2025-11-23,0.0561,-0.0206,0.3113
S_18,51.07,16.87,2025-11-28,0.1024,-0.0908,0.2431
S_18,51.07,16.87,2025-12-03,0.2252,-0.2692,0.0825
S_18,51.07,16.87,2025-12-08,0.3205,-0.4058,-0.0079
S_18,51.07,16.87,2025-12-13,0.3701,-0.4765,-0.0422
S_18,51.07,16.87,2025-12-18,0.3739,-0.4812,-0.0204
S_18,51.07,16.87,2025-12-23,0.3596,-0.4618,-0.0126
S_18,51.07,16.87,2025-12-28,0.2892,-0.3574,0.0717
S_18,51.07,16.87,2026-01-02,0.2284,-0.2682,0.1391
S_18,51.07,16.87,2026-01-07,0.1772,-0.1943,0.1897
S_18,51.07,16.87,2026-01-12,0.1917,-0.2207,0.1471
S_18,51.07,16.87,2026-01-22,0.2061,-0.247,0.1045
S_18,51.07,16.87,2026-02-01,0.2206,-0.2733,0.0619
S_18,51.07,16.87,2026-02-06,0.235,-0.2997,0.0193
S_18,51.07,16.87,2026-02-11,0.2495,-0.326,-0.0233
S_18,51.07,16.87,2026-02-16,0.2639,-0.3523,-0.0659
S_18,51.07,16.87,2026-02-21,0.2784,-0.3787,-0.1085
S_18,51.07,16.87,2026-02-26,0.2872,-0.3911,-0.1372
S_18,51.07,16.87,2026-03-03,0.2317,-0.291,-0.0768
S_18,51.07,16.87,2026-03-08,0.2037,-0.2241,-0.0124
S_18,51.07,16.87,2026-03-13,0.196,-0.1987,0.0127
S_18,51.07,16.87,2026-03-18,0.2157,-0.2461,-0.0553
S_18,51.07,16.87,2026-03-23,0.2622,-0.3121,-0.0807
S_18,51.07,16.87,2026-04-02,0.2769,-0.3306,-0.0749
S_18,51.07,16.87,2026-04-07,0.3112,-0.369,-0.0593
S_18,51.07,16.87,2026-04-12,0.2925,-0.3523,-0.0719
S_19,51.09,16.87,2025-06-01,0.669,-0.6231,0.2801
S_19,51.09,16.87,2025-06-06,0.6765,-0.6279,0.2838
S_19,51.09,16.87,2025-06-11,0.6787,-0.6273,0.2804
S_19,51.09,16.87,2025-06-16,0.6796,-0.6289,0.2766
S_19,51.09,16.87,2025-06-21,0.679,-0.6327,0.2727
S_19,51.09,16.87,2025-06-26,0.6658,-0.6278,0.2638
S_19,51.09,16.87,2025-07-01,0.6389,-0.6057,0.2615
S_19,51.09,16.87,2025-07-06,0.5966,-0.5724,0.2302
S_19,51.09,16.87,2025-07-11,0.5628,-0.5489,0.1856
S_19,51.09,16.87,2025-07-16,0.5371,-0.516,0.1852
S_19,51.09,16.87,2025-07-21,0.5394,-0.518,0.1778
S_19,51.09,16.87,2025-07-26,0.5602,-0.5305,0.2016
S_19,51.09,16.87,2025-07-31,0.5896,-0.5692,0.1765
S_19,51.09,16.87,2025-08-05,0.6046,-0.5862,0.1766
S_19,51.09,16.87,2025-08-10,0.5782,-0.5733,0.1511
S_19,51.09,16.87,2025-08-15,0.5507,-0.5595,0.1227
S_19,51.09,16.87,2025-08-20,0.527,-0.5421,0.1045
S_19,51.09,16.87,2025-08-25,0.5436,-0.5535,0.1088
S_19,51.09,16.87,2025-08-30,0.4219,-0.3891,0.1666
S_19,51.09,16.87,2025-09-04,0.4409,-0.4051,0.1802
S_19,51.09,16.87,2025-09-09,0.4048,-0.3583,0.1835
S_19,51.09,16.87,2025-09-14,0.5463,-0.534,0.1191
S_19,51.09,16.87,2025-09-19,0.5425,-0.5278,0.1051
S_19,51.09,16.87,2025-09-24,0.579,-0.5713,0.0973
S_19,51.09,16.87,2025-09-29,0.5616,-0.5551,0.0996
S_19,51.09,16.87,2025-10-04,0.5339,-0.5272,0.0916
S_19,51.09,16.87,2025-10-09,0.5063,-0.4994,0.0835
S_19,51.09,16.87,2025-10-14,0.485,-0.4851,0.0685
S_19,51.09,16.87,2025-10-19,0.4699,-0.4843,0.0464
S_19,51.09,16.87,2025-10-24,0.4611,-0.497,0.0172
S_19,51.09,16.87,2025-10-29,0.4523,-0.5097,-0.0119
S_19,51.09,16.87,2025-11-03,0.4429,-0.5145,-0.0326
S_19,51.09,16.87,2025-11-08,0.4328,-0.5113,-0.0448
S_19,51.09,16.87,2025-11-13,0.4221,-0.5001,-0.0487
S_19,51.09,16.87,2025-11-18,0.4114,-0.489,-0.0525
S_19,51.09,16.87,2025-11-23,0.4008,-0.4778,-0.0564
S_19,51.09,16.87,2025-11-28,0.3901,-0.4667,-0.0602
S_19,51.09,16.87,2025-12-03,0.3794,-0.4555,-0.0641
S_19,51.09,16.87,2025-12-08,0.388,-0.4727,-0.0493
S_19,51.09,16.87,2025-12-13,0.3949,-0.487,-0.0316
S_19,51.09,16.87,2025-12-18,0.4002,-0.4986,-0.0109
S_19,51.09,16.87,2025-12-23,0.3847,-0.479,-0.0058
S_19,51.09,16.87,2025-12-28,0.3721,-0.4646,-0.0072
S_19,51.09,16.87,2026-01-02,0.3626,-0.4551,-0.015
S_19,51.09,16.87,2026-01-07,0.356,-0.4508,-0.0293
S_19,51.09,16.87,2026-01-12,0.3495,-0.4464,-0.0436
S_19,51.09,16.87,2026-01-22,0.3429,-0.4421,-0.0579
S_19,51.09,16.87,2026-02-01,0.3364,-0.4377,-0.0722
S_19,51.09,16.87,2026-02-06,0.3299,-0.4333,-0.0865
S_19,51.09,16.87,2026-02-11,0.3233,-0.429,-0.1008
S_19,51.09,16.87,2026-02-16,0.3168,-0.4246,-0.1151
S_19,51.09,16.87,2026-02-21,0.3102,-0.4203,-0.1294
S_19,51.09,16.87,2026-02-26,0.3039,-0.4099,-0.1395
S_19,51.09,16.87,2026-03-03,0.2951,-0.3828,-0.1226
S_19,51.09,16.87,2026-03-08,0.2838,-0.3389,-0.0786
S_19,51.09,16.87,2026-03-13,0.2514,-0.2999,-0.0664
S_19,51.09,16.87,2026-03-18,0.2339,-0.2657,-0.05
S_19,51.09,16.87,2026-03-23,0.2911,-0.3187,-0.0142
S_19,51.09,16.87,2026-04-02,0.3819,-0.3831,0.0365
S_19,51.09,16.87,2026-04-07,0.4732,-0.4696,0.0432
S_19,51.09,16.87,2026-04-12,0.4891,-0.4829,0.0169
S_2,51.05,16.81,2025-06-01,0.648,-0.6133,0.275
S_2,51.05,16.81,2025-06-06,0.6524,-0.6164,0.276
S_2,51.05,16.81,2025-06-11,0.6517,-0.6125,0.2819
S_2,51.05,16.81,2025-06-16,0.651,-0.6122,0.2845
S_2,51.05,16.81,2025-06-21,0.6503,-0.6155,0.2836
S_2,51.05,16.81,2025-06-26,0.6688,-0.6241,0.2867
S_2,51.05,16.81,2025-07-01,0.6339,-0.6067,0.2629
S_2,51.05,16.81,2025-07-06,0.5939,-0.58,0.2292
S_2,51.05,16.81,2025-07-11,0.5392,-0.5526,0.1744
S_2,51.05,16.81,2025-07-16,0.5418,-0.5516,0.1561
S_2,51.05,16.81,2025-07-21,0.5534,-0.5602,0.1574
S_2,51.05,16.81,2025-07-26,0.5649,-0.569,0.169
S_2,51.05,16.81,2025-07-31,0.5672,-0.5684,0.1714
S_2,51.05,16.81,2025-08-05,0.5612,-0.5693,0.1542
S_2,51.05,16.81,2025-08-10,0.5718,-0.5812,0.1563
S_2,51.05,16.81,2025-08-15,0.5761,-0.5897,0.1518
S_2,51.05,16.81,2025-08-20,0.5733,-0.5841,0.1512
S_2,51.05,16.81,2025-08-25,0.5478,-0.564,0.1247
S_2,51.05,16.81,2025-08-30,0.4681,-0.4414,0.1691
S_2,51.05,16.81,2025-09-04,0.4729,-0.4449,0.1736
S_2,51.05,16.81,2025-09-09,0.4235,-0.3816,0.1669
S_2,51.05,16.81,2025-09-14,0.4982,-0.4946,0.0954
S_2,51.05,16.81,2025-09-19,0.4987,-0.4916,0.082
S_2,51.05,16.81,2025-09-24,0.5517,-0.5565,0.0784
S_2,51.05,16.81,2025-09-29,0.5333,-0.5488,0.0674
S_2,51.05,16.81,2025-10-04,0.5029,-0.5318,0.0368
S_2,51.05,16.81,2025-10-09,0.4725,-0.5149,0.0062
S_2,51.05,16.81,2025-10-14,0.4625,-0.5171,0.0209
S_2,51.05,16.81,2025-10-19,0.473,-0.5382,0.081
S_2,51.05,16.81,2025-10-24,0.4767,-0.5529,0.107
S_2,51.05,16.81,2025-10-29,0.4534,-0.5419,0.0536
S_2,51.05,16.81,2025-11-03,0.3876,-0.4746,0.0069
S_2,51.05,16.81,2025-11-08,0.3067,-0.3764,0.0462
S_2,51.05,16.81,2025-11-13,0.2104,-0.2475,0.1716
S_2,51.05,16.81,2025-11-18,0.1142,-0.1186,0.2969
S_2,51.05,16.81,2025-11-23,0.0714,-0.0539,0.3304
S_2,51.05,16.81,2025-11-28,0.0819,-0.0534,0.2722
S_2,51.05,16.81,2025-12-03,0.1969,-0.2122,0.1066
S_2,51.05,16.81,2025-12-08,0.298,-0.3618,0.0124
S_2,51.05,16.81,2025-12-13,0.372,-0.4831,-0.0377
S_2,51.05,16.81,2025-12-18,0.3677,-0.4812,-0.0281
S_2,51.05,16.81,2025-12-23,0.35,-0.4603,-0.0461
S_2,51.05,16.81,2025-12-28,0.3365,-0.4451,-0.0604
S_2,51.05,16.81,2026-01-02,0.3273,-0.4355,-0.0711
S_2,51.05,16.81,2026-01-07,0.3223,-0.4316,-0.0781
S_2,51.05,16.81,2026-01-12,0.3174,-0.4276,-0.085
S_2,51.05,16.81,2026-01-22,0.3124,-0.4237,-0.092
S_2,51.05,16.81,2026-02-01,0.3074,-0.4197,-0.099
S_2,51.05,16.81,2026-02-06,0.3024,-0.4157,-0.106
S_2,51.05,16.81,2026-02-11,0.2974,-0.4118,-0.113
S_2,51.05,16.81,2026-02-16,0.2925,-0.4078,-0.1199
S_2,51.05,16.81,2026-02-21,0.2875,-0.4039,-0.1269
S_2,51.05,16.81,2026-02-26,0.2834,-0.3968,-0.1317
S_2,51.05,16.81,2026-03-03,0.2736,-0.3686,-0.1146
S_2,51.05,16.81,2026-03-08,0.2581,-0.3193,-0.0755
S_2,51.05,16.81,2026-03-13,0.2512,-0.2877,-0.0437
S_2,51.05,16.81,2026-03-18,0.2595,-0.2916,-0.0391
S_2,51.05,16.81,2026-03-23,0.2917,-0.3409,-0.0587
S_2,51.05,16.81,2026-04-02,0.3154,-0.3745,-0.066
S_2,51.05,16.81,2026-04-07,0.3307,-0.3924,-0.0609
S_2,51.05,16.81,2026-04-12,0.3298,-0.3886,-0.0536
S_20,51.11,16.87,2025-06-01,0.635,-0.5767,0.2328
S_20,51.11,16.87,2025-06-06,0.6332,-0.5766,0.2286
S_20,51.11,16.87,2025-06-11,0.638,-0.5827,0.2256
S_20,51.11,16.87,2025-06-16,0.6269,-0.5799,0.2091
S_20,51.11,16.87,2025-06-21,0.5997,-0.5683,0.179
S_20,51.11,16.87,2025-06-26,0.5486,-0.5362,0.1299
S_20,51.11,16.87,2025-07-01,0.5167,-0.5076,0.1091
S_20,51.11,16.87,2025-07-06,0.4933,-0.4823,0.0886
S_20,51.11,16.87,2025-07-11,0.478,-0.4657,0.0683
S_20,51.11,16.87,2025-07-16,0.39,-0.3862,0.0462
S_20,51.11,16.87,2025-07-21,0.404,-0.398,0.0489
S_20,51.11,16.87,2025-07-26,0.4569,-0.4357,0.0962
S_20,51.11,16.87,2025-07-31,0.6109,-0.5618,0.1616
S_20,51.11,16.87,2025-08-05,0.6199,-0.5686,0.1698
S_20,51.11,16.87,2025-08-10,0.5881,-0.5452,0.147
S_20,51.11,16.87,2025-08-15,0.4115,-0.3924,0.0963
S_20,51.11,16.87,2025-08-20,0.3481,-0.3315,0.0909
S_20,51.11,16.87,2025-08-25,0.3568,-0.3394,0.0847
S_20,51.11,16.87,2025-08-30,0.4853,-0.4606,0.088
S_20,51.11,16.87,2025-09-04,0.5572,-0.5269,0.1046
S_20,51.11,16.87,2025-09-09,0.5858,-0.5435,0.1418
S_20,51.11,16.87,2025-09-14,0.5877,-0.545,0.1335
S_20,51.11,16.87,2025-09-19,0.5861,-0.5461,0.125
S_20,51.11,16.87,2025-09-24,0.5542,-0.5274,0.0973
S_20,51.11,16.87,2025-09-29,0.5317,-0.509,0.1032
S_20,51.11,16.87,2025-10-04,0.4956,-0.4762,0.0975
S_20,51.11,16.87,2025-10-09,0.4594,-0.4435,0.0918
S_20,51.11,16.87,2025-10-14,0.4375,-0.4291,0.0804
S_20,51.11,16.87,2025-10-19,0.4298,-0.4332,0.0633
S_20,51.11,16.87,2025-10-24,0.4363,-0.4558,0.0406
S_20,51.11,16.87,2025-10-29,0.4427,-0.4784,0.018
S_20,51.11,16.87,2025-11-03,0.4434,-0.4904,0.0
S_20,51.11,16.87,2025-11-08,0.4383,-0.4918,-0.0132
S_20,51.11,16.87,2025-11-13,0.4273,-0.4828,-0.0217
S_20,51.11,16.87,2025-11-18,0.4164,-0.4737,-0.0302
S_20,51.11,16.87,2025-11-23,0.4055,-0.4647,-0.0388
S_20,51.11,16.87,2025-11-28,0.3946,-0.4556,-0.0473
S_20,51.11,16.87,2025-12-03,0.3836,-0.4466,-0.0558
S_20,51.11,16.87,2025-12-08,0.3896,-0.4591,-0.038
S_20,51.11,16.87,2025-12-13,0.3926,-0.4675,-0.0169
S_20,51.11,16.87,2025-12-18,0.3927,-0.4717,0.0073
S_20,51.11,16.87,2025-12-23,0.3729,-0.4502,0.0084
S_20,51.11,16.87,2025-12-28,0.2407,-0.2916,0.0595
S_20,51.11,16.87,2026-01-02,0.1257,-0.1545,0.0994
S_20,51.11,16.87,2026-01-07,0.0279,-0.039,0.128
S_20,51.11,16.87,2026-01-12,0.0599,-0.0821,0.0954
S_20,51.11,16.87,2026-01-22,0.0918,-0.1252,0.0627
S_20,51.11,16.87,2026-02-01,0.1238,-0.1683,0.0301
S_20,51.11,16.87,2026-02-06,0.1557,-0.2114,-0.0026
S_20,51.11,16.87,2026-02-11,0.1877,-0.2545,-0.0352
S_20,51.11,16.87,2026-02-16,0.2196,-0.2976,-0.0679
S_20,51.11,16.87,2026-02-21,0.2516,-0.3407,-0.1005
S_20,51.11,16.87,2026-02-26,0.2714,-0.365,-0.1212
S_20,51.11,16.87,2026-03-03,0.2658,-0.3425,-0.1012
S_20,51.11,16.87,2026-03-08,0.2349,-0.2731,-0.0404
S_20,51.11,16.87,2026-03-13,0.2319,-0.2543,-0.0223
S_20,51.11,16.87,2026-03-18,0.2333,-0.2444,-0.0101
S_20,51.11,16.87,2026-03-23,0.2495,-0.2671,-0.0276
S_20,51.11,16.87,2026-04-02,0.2392,-0.2434,-0.0036
S_20,51.11,16.87,2026-04-07,0.2392,-0.2434,-0.0036
S_20,51.11,16.87,2026-04-12,0.2392,-0.2434,-0.0036
S_21,51.03,16.89,2025-06-01,0.589,-0.5372,0.2758
S_21,51.03,16.89,2025-06-06,0.5564,-0.5107,0.2537
S_21,51.03,16.89,2025-06-11,0.4917,-0.4592,0.2071
S_21,51.03,16.89,2025-06-16,0.4276,-0.4094,0.1578
S_21,51.03,16.89,2025-06-21,0.4193,-0.4071,0.1517
S_21,51.03,16.89,2025-06-26,0.4045,-0.4008,0.1481
S_21,51.03,16.89,2025-07-01,0.4784,-0.4703,0.199
S_21,51.03,16.89,2025-07-06,0.5008,-0.494,0.2041
S_21,51.03,16.89,2025-07-11,0.5338,-0.5222,0.207
S_21,51.03,16.89,2025-07-16,0.4806,-0.4684,0.1824
S_21,51.03,16.89,2025-07-21,0.4258,-0.408,0.1848
S_21,51.03,16.89,2025-07-26,0.2889,-0.2618,0.1824
S_21,51.03,16.89,2025-07-31,0.2942,-0.2685,0.1692
S_21,51.03,16.89,2025-08-05,0.3146,-0.2955,0.1394
S_21,51.03,16.89,2025-08-10,0.4231,-0.4128,0.1232
S_21,51.03,16.89,2025-08-15,0.4805,-0.4572,0.1693
S_21,51.03,16.89,2025-08-20,0.4312,-0.4194,0.116
S_21,51.03,16.89,2025-08-25,0.4253,-0.4226,0.1032
S_21,51.03,16.89,2025-08-30,0.3312,-0.3003,0.1145
S_21,51.03,16.89,2025-09-04,0.2844,-0.2728,0.0996
S_21,51.03,16.89,2025-09-09,0.3171,-0.2809,0.1513
S_21,51.03,16.89,2025-09-14,0.338,-0.347,0.0646
S_21,51.03,16.89,2025-09-19,0.4243,-0.4064,0.1186
S_21,51.03,16.89,2025-09-24,0.3772,-0.3751,0.0673
S_21,51.03,16.89,2025-09-29,0.336,-0.3283,0.0624
S_21,51.03,16.89,2025-10-04,0.2234,-0.2147,0.0679
S_21,51.03,16.89,2025-10-09,0.2634,-0.2588,0.0777
S_21,51.03,16.89,2025-10-14,0.3168,-0.3229,0.0888
S_21,51.03,16.89,2025-10-19,0.4304,-0.4443,0.0755
S_21,51.03,16.89,2025-10-24,0.4047,-0.428,0.0592
S_21,51.03,16.89,2025-10-29,0.379,-0.4117,0.0429
S_21,51.03,16.89,2025-11-03,0.3602,-0.3995,0.032
S_21,51.03,16.89,2025-11-08,0.3484,-0.3915,0.0264
S_21,51.03,16.89,2025-11-13,0.3436,-0.3876,0.0261
S_21,51.03,16.89,2025-11-18,0.3387,-0.3837,0.0259
S_21,51.03,16.89,2025-11-23,0.3339,-0.3797,0.0256
S_21,51.03,16.89,2025-11-28,0.329,-0.3758,0.0254
S_21,51.03,16.89,2025-12-03,0.3242,-0.3719,0.0251
S_21,51.03,16.89,2025-12-08,0.3223,-0.374,0.0328
S_21,51.03,16.89,2025-12-13,0.3057,-0.3481,0.0395
S_21,51.03,16.89,2025-12-18,0.2744,-0.2941,0.0451
S_21,51.03,16.89,2025-12-23,0.2641,-0.28,0.0463
S_21,51.03,16.89,2025-12-28,0.1423,-0.1527,0.0953
S_21,51.03,16.89,2026-01-02,0.0755,-0.1006,0.1212
S_21,51.03,16.89,2026-01-07,0.0247,-0.0499,0.1193
S_21,51.03,16.89,2026-01-12,0.1403,-0.1876,0.0464
S_21,51.03,16.89,2026-01-17,0.2164,-0.2785,-0.0044
S_21,51.03,16.89,2026-01-22,0.2529,-0.3227,-0.0331
S_21,51.03,16.89,2026-02-01,0.2499,-0.3202,-0.0399
S_21,51.03,16.89,2026-02-06,0.2468,-0.3176,-0.0466
S_21,51.03,16.89,2026-02-11,0.2437,-0.315,-0.0534
S_21,51.03,16.89,2026-02-16,0.2406,-0.3124,-0.0601
S_21,51.03,16.89,2026-02-21,0.2376,-0.3099,-0.0669
S_21,51.03,16.89,2026-02-26,0.2361,-0.3064,-0.0676
S_21,51.03,16.89,2026-03-03,0.2997,-0.3384,0.0027
S_21,51.03,16.89,2026-03-08,0.2784,-0.2887,0.0467
S_21,51.03,16.89,2026-03-13,0.2095,-0.1993,0.0702
S_21,51.03,16.89,2026-03-18,0.1398,-0.1307,0.0498
S_21,51.03,16.89,2026-03-23,0.1474,-0.158,0.0179
S_21,51.03,16.89,2026-03-28,0.2352,-0.2635,-0.0135
S_21,51.03,16.89,2026-04-02,0.2494,-0.3087,-0.0629
S_21,51.03,16.89,2026-04-07,0.3008,-0.3505,-0.0312
S_21,51.03,16.89,2026-04-12,0.3048,-0.3506,-0.0038
S_22,51.05,16.89,2025-06-01,0.5634,-0.5266,0.2628
S_22,51.05,16.89,2025-06-06,0.5602,-0.525,0.2598
S_22,51.05,16.89,2025-06-11,0.5139,-0.4878,0.2184
S_22,51.05,16.89,2025-06-16,0.5409,-0.519,0.2009
S_22,51.05,16.89,2025-06-21,0.5287,-0.5116,0.1878
S_22,51.05,16.89,2025-06-26,0.539,-0.5249,0.2085
S_22,51.05,16.89,2025-07-01,0.4881,-0.4736,0.2012
S_22,51.05,16.89,2025-07-06,0.4652,-0.4534,0.1754
S_22,51.05,16.89,2025-07-11,0.4488,-0.4394,0.137
S_22,51.05,16.89,2025-07-16,0.3644,-0.3637,0.1053
S_22,51.05,16.89,2025-07-21,0.3547,-0.3625,0.0871
S_22,51.05,16.89,2025-07-26,0.3515,-0.3634,0.0803
S_22,51.05,16.89,2025-07-31,0.3996,-0.4166,0.0683
S_22,51.05,16.89,2025-08-05,0.3846,-0.4087,0.0505
S_22,51.05,16.89,2025-08-10,0.3869,-0.4248,0.0306
S_22,51.05,16.89,2025-08-15,0.375,-0.4145,0.0358
S_22,51.05,16.89,2025-08-20,0.3572,-0.4193,-0.0124
S_22,51.05,16.89,2025-08-25,0.3411,-0.3951,-0.0139
S_22,51.05,16.89,2025-08-30,0.3258,-0.329,0.0505
S_22,51.05,16.89,2025-09-04,0.2966,-0.267,0.0926
S_22,51.05,16.89,2025-09-09,0.2728,-0.2236,0.1217
S_22,51.05,16.89,2025-09-14,0.3025,-0.3029,0.0332
S_22,51.05,16.89,2025-09-19,0.3511,-0.3588,0.0324
S_22,51.05,16.89,2025-09-24,0.3625,-0.3812,0.0041
S_22,51.05,16.89,2025-09-29,0.3212,-0.329,0.0066
S_22,51.05,16.89,2025-10-04,0.3018,-0.3037,0.0037
S_22,51.05,16.89,2025-10-09,0.3208,-0.3319,-0.0002
S_22,51.05,16.89,2025-10-14,0.3582,-0.3864,-0.0034
S_22,51.05,16.89,2025-10-19,0.3757,-0.4132,-0.0047
S_22,51.05,16.89,2025-10-24,0.3732,-0.4126,-0.0042
S_22,51.05,16.89,2025-10-29,0.3706,-0.4119,-0.0036
S_22,51.05,16.89,2025-11-03,0.3688,-0.4108,-0.0027
S_22,51.05,16.89,2025-11-08,0.3678,-0.4094,-0.0015
S_22,51.05,16.89,2025-11-13,0.3675,-0.4076,0.0002
S_22,51.05,16.89,2025-11-18,0.3672,-0.4058,0.0018
S_22,51.05,16.89,2025-11-23,0.3668,-0.4041,0.0035
S_22,51.05,16.89,2025-11-28,0.3665,-0.4023,0.0051
S_22,51.05,16.89,2025-12-03,0.3662,-0.4005,0.0068
S_22,51.05,16.89,2025-12-08,0.3708,-0.4054,0.023
S_22,51.05,16.89,2025-12-13,0.3715,-0.4066,0.0399
S_22,51.05,16.89,2025-12-18,0.3682,-0.404,0.0573
S_22,51.05,16.89,2025-12-23,0.3561,-0.391,0.0606
S_22,51.05,16.89,2025-12-28,0.239,-0.2657,0.1326
S_22,51.05,16.89,2026-01-02,0.1361,-0.1566,0.1914
S_22,51.05,16.89,2026-01-07,0.0472,-0.0636,0.2369
S_22,51.05,16.89,2026-01-12,0.0772,-0.0991,0.2005
S_22,51.05,16.89,2026-01-22,0.1073,-0.1346,0.164
S_22,51.05,16.89,2026-02-01,0.1374,-0.1701,0.1276
S_22,51.05,16.89,2026-02-06,0.1674,-0.2055,0.0912
S_22,51.05,16.89,2026-02-11,0.1975,-0.241,0.0548
S_22,51.05,16.89,2026-02-16,0.2276,-0.2765,0.0183
S_22,51.05,16.89,2026-02-21,0.2576,-0.312,-0.0181
S_22,51.05,16.89,2026-02-26,0.2796,-0.3347,-0.0391
S_22,51.05,16.89,2026-03-03,0.2844,-0.317,-0.0279
S_22,51.05,16.89,2026-03-08,0.2736,-0.2821,0.011
S_22,51.05,16.89,2026-03-13,0.3495,-0.3288,0.0597
S_22,51.05,16.89,2026-03-18,0.3511,-0.3239,0.0765
S_22,51.05,16.89,2026-03-23,0.3883,-0.3675,0.079
S_22,51.05,16.89,2026-03-28,0.3815,-0.3697,0.0861
S_22,51.05,16.89,2026-04-02,0.4527,-0.4502,0.1072
S_22,51.05,16.89,2026-04-07,0.4906,-0.4857,0.1288
S_22,51.05,16.89,2026-04-12,0.4855,-0.483,0.1318
S_23,51.07,16.89,2025-06-01,0.63,-0.5823,0.2762
S_23,51.07,16.89,2025-06-06,0.6366,-0.588,0.2807
S_23,51.07,16.89,2025-06-11,0.6177,-0.5702,0.2652
S_23,51.07,16.89,2025-06-16,0.6066,-0.5611,0.2538
S_23,51.07,16.89,2025-06-21,0.6033,-0.5606,0.2466
S_23,51.07,16.89,2025-06-26,0.6034,-0.5639,0.2486
S_23,51.07,16.89,2025-07-01,0.5617,-0.5278,0.2343
S_23,51.07,16.89,2025-07-06,0.515,-0.4897,0.1981
S_23,51.07,16.89,2025-07-11,0.4998,-0.4836,0.1591
S_23,51.07,16.89,2025-07-16,0.4711,-0.4531,0.1509
S_23,51.07,16.89,2025-07-21,0.479,-0.4674,0.1332
S_23,51.07,16.89,2025-07-26,0.4767,-0.4675,0.1329
S_23,51.07,16.89,2025-07-31,0.5144,-0.5155,0.1134
S_23,51.07,16.89,2025-08-05,0.5128,-0.5145,0.1144
S_23,51.07,16.89,2025-08-10,0.4996,-0.5063,0.1036
S_23,51.07,16.89,2025-08-15,0.4492,-0.4588,0.0788
S_23,51.07,16.89,2025-08-20,0.3542,-0.3622,0.0467
S_23,51.07,16.89,2025-08-25,0.3569,-0.3622,0.0472
S_23,51.07,16.89,2025-08-30,0.4198,-0.4173,0.0745
S_23,51.07,16.89,2025-09-04,0.5429,-0.5275,0.1285
S_23,51.07,16.89,2025-09-09,0.5672,-0.5428,0.1415
S_23,51.07,16.89,2025-09-14,0.5562,-0.5364,0.122
S_23,51.07,16.89,2025-09-19,0.5196,-0.5165,0.0892
S_23,51.07,16.89,2025-09-24,0.4948,-0.5034,0.0721
S_23,51.07,16.89,2025-09-29,0.4818,-0.497,0.0707
S_23,51.07,16.89,2025-10-04,0.4706,-0.4893,0.0655
S_23,51.07,16.89,2025-10-09,0.4593,-0.4817,0.0603
S_23,51.07,16.89,2025-10-14,0.4505,-0.4783,0.0528
S_23,51.07,16.89,2025-10-19,0.4442,-0.4792,0.0429
S_23,51.07,16.89,2025-10-24,0.4402,-0.4844,0.0307
S_23,51.07,16.89,2025-10-29,0.4363,-0.4895,0.0184
S_23,51.07,16.89,2025-11-03,0.4325,-0.4911,0.0097
S_23,51.07,16.89,2025-11-08,0.4288,-0.4892,0.0044
S_23,51.07,16.89,2025-11-13,0.4252,-0.4837,0.0027
S_23,51.07,16.89,2025-11-18,0.4216,-0.4782,0.0009
S_23,51.07,16.89,2025-11-23,0.418,-0.4728,-0.0008
S_23,51.07,16.89,2025-11-28,0.4144,-0.4673,-0.0026
S_23,51.07,16.89,2025-12-03,0.4108,-0.4618,-0.0043
S_23,51.07,16.89,2025-12-08,0.4204,-0.4732,0.0154
S_23,51.07,16.89,2025-12-13,0.4249,-0.4809,0.036
S_23,51.07,16.89,2025-12-18,0.4243,-0.4851,0.0573
S_23,51.07,16.89,2025-12-23,0.4053,-0.4687,0.0579
S_23,51.07,16.89,2025-12-28,0.3904,-0.4562,0.0537
S_23,51.07,16.89,2026-01-02,0.3796,-0.4473,0.0448
S_23,51.07,16.89,2026-01-07,0.3728,-0.4422,0.0312
S_23,51.07,16.89,2026-01-12,0.3661,-0.4372,0.0175
S_23,51.07,16.89,2026-01-22,0.3593,-0.4321,0.0039
S_23,51.07,16.89,2026-02-01,0.3526,-0.427,-0.0098
S_23,51.07,16.89,2026-02-06,0.3459,-0.4219,-0.0235
S_23,51.07,16.89,2026-02-11,0.3391,-0.4168,-0.0371
S_23,51.07,16.89,2026-02-16,0.3324,-0.4118,-0.0508
S_23,51.07,16.89,2026-02-21,0.3256,-0.4067,-0.0644
S_23,51.07,16.89,2026-02-26,0.3216,-0.4004,-0.0721
S_23,51.07,16.89,2026-03-03,0.2809,-0.3376,-0.0514
S_23,51.07,16.89,2026-03-08,0.2309,-0.2606,-0.0308
S_23,51.07,16.89,2026-03-13,0.2271,-0.2474,-0.0042
S_23,51.07,16.89,2026-03-18,0.259,-0.2677,0.0102
S_23,51.07,16.89,2026-03-23,0.3099,-0.3343,-0.0072
S_23,51.07,16.89,2026-04-02,0.3298,-0.3501,-0.0081
S_23,51.07,16.89,2026-04-07,0.3684,-0.4005,0.0034
S_23,51.07,16.89,2026-04-12,0.3917,-0.4155,0.0394
S_24,51.09,16.89,2025-06-01,0.6859,-0.6161,0.253
S_24,51.09,16.89,2025-06-06,0.6868,-0.6182,0.2513
S_24,51.09,16.89,2025-06-11,0.6814,-0.6165,0.2474
S_24,51.09,16.89,2025-06-16,0.6764,-0.6165,0.2413
S_24,51.09,16.89,2025-06-21,0.6717,-0.6183,0.2328
S_24,51.09,16.89,2025-06-26,0.6613,-0.6121,0.216
S_24,51.09,16.89,2025-07-01,0.6428,-0.5893,0.2284
S_24,51.09,16.89,2025-07-06,0.6284,-0.5706,0.2292
S_24,51.09,16.89,2025-07-11,0.631,-0.5717,0.2252
S_24,51.09,16.89,2025-07-16,0.592,-0.5349,0.2045
S_24,51.09,16.89,2025-07-21,0.6004,-0.5451,0.1929
S_24,51.09,16.89,2025-07-26,0.6039,-0.5468,0.2011
S_24,51.09,16.89,2025-07-31,0.6562,-0.5985,0.2049
S_24,51.09,16.89,2025-08-05,0.6633,-0.604,0.2106
S_24,51.09,16.89,2025-08-10,0.6588,-0.5971,0.2067
S_24,51.09,16.89,2025-08-15,0.6514,-0.591,0.1932
S_24,51.09,16.89,2025-08-20,0.6341,-0.5764,0.1786
S_24,51.09,16.89,2025-08-25,0.6255,-0.5752,0.1638
S_24,51.09,16.89,2025-08-30,0.6298,-0.5838,0.1618
S_24,51.09,16.89,2025-09-04,0.6472,-0.6022,0.1726
S_24,51.09,16.89,2025-09-09,0.6643,-0.618,0.181
S_24,51.09,16.89,2025-09-14,0.6684,-0.6212,0.1744
S_24,51.09,16.89,2025-09-19,0.6623,-0.6168,0.1684
S_24,51.09,16.89,2025-09-24,0.6504,-0.6075,0.1664
S_24,51.09,16.89,2025-09-29,0.6328,-0.5933,0.1684
S_24,51.09,16.89,2025-10-04,0.6066,-0.5691,0.1583
S_24,51.09,16.89,2025-10-09,0.5803,-0.5449,0.1482
S_24,51.09,16.89,2025-10-14,0.5598,-0.5325,0.1317
S_24,51.09,16.89,2025-10-19,0.545,-0.532,0.1086
S_24,51.09,16.89,2025-10-24,0.536,-0.5433,0.079
S_24,51.09,16.89,2025-10-29,0.5269,-0.5546,0.0494
S_24,51.09,16.89,2025-11-03,0.5007,-0.5377,0.0344
S_24,51.09,16.89,2025-11-08,0.4574,-0.4925,0.034
S_24,51.09,16.89,2025-11-13,0.3969,-0.419,0.0482
S_24,51.09,16.89,2025-11-18,0.3365,-0.3456,0.0624
S_24,51.09,16.89,2025-11-23,0.2761,-0.2722,0.0765
S_24,51.09,16.89,2025-11-28,0.2156,-0.1987,0.0907
S_24,51.09,16.89,2025-12-03,0.2698,-0.274,0.0506
S_24,51.09,16.89,2025-12-08,0.3572,-0.3907,0.0228
S_24,51.09,16.89,2025-12-13,0.4593,-0.5262,-0.0066
S_24,51.09,16.89,2025-12-18,0.4615,-0.5319,0.0168
S_24,51.09,16.89,2025-12-23,0.4451,-0.515,0.0263
S_24,51.09,16.89,2025-12-28,0.4314,-0.5019,0.0272
S_24,51.09,16.89,2026-01-02,0.4206,-0.4925,0.0194
S_24,51.09,16.89,2026-01-07,0.4126,-0.4869,0.0028
S_24,51.09,16.89,2026-01-12,0.4047,-0.4813,-0.0137
S_24,51.09,16.89,2026-01-22,0.3967,-0.4757,-0.0303
S_24,51.09,16.89,2026-02-01,0.3887,-0.47,-0.0468
S_24,51.09,16.89,2026-02-06,0.3807,-0.4644,-0.0634
S_24,51.09,16.89,2026-02-11,0.3727,-0.4588,-0.0799
S_24,51.09,16.89,2026-02-16,0.3648,-0.4532,-0.0965
S_24,51.09,16.89,2026-02-21,0.3568,-0.4476,-0.113
S_24,51.09,16.89,2026-02-26,0.3462,-0.4352,-0.1228
S_24,51.09,16.89,2026-03-03,0.3032,-0.3617,-0.1119
S_24,51.09,16.89,2026-03-08,0.2393,-0.2607,-0.0736
S_24,51.09,16.89,2026-03-13,0.2078,-0.2166,-0.0622
S_24,51.09,16.89,2026-03-18,0.2072,-0.2221,-0.0481
S_24,51.09,16.89,2026-03-23,0.2693,-0.286,-0.0185
S_24,51.09,16.89,2026-04-02,0.3195,-0.322,0.0199
S_24,51.09,16.89,2026-04-07,0.3894,-0.3916,0.0236
S_24,51.09,16.89,2026-04-12,0.4124,-0.422,-0.0016
S_25,51.11,16.89,2025-06-01,0.5672,-0.5215,0.1727
S_25,51.11,16.89,2025-06-06,0.5673,-0.5228,0.1704
S_25,51.11,16.89,2025-06-11,0.5534,-0.5127,0.16
S_25,51.11,16.89,2025-06-16,0.5372,-0.5046,0.1445
S_25,51.11,16.89,2025-06-21,0.5187,-0.4984,0.1237
S_25,51.11,16.89,2025-06-26,0.4996,-0.491,0.0959
S_25,51.11,16.89,2025-07-01,0.3893,-0.3879,0.0579
S_25,51.11,16.89,2025-07-06,0.3332,-0.3303,0.0371
S_25,51.11,16.89,2025-07-11,0.344,-0.3341,0.041
S_25,51.11,16.89,2025-07-16,0.3736,-0.3588,0.0535
S_25,51.11,16.89,2025-07-21,0.4255,-0.4068,0.0685
S_25,51.11,16.89,2025-07-26,0.4185,-0.3982,0.0714
S_25,51.11,16.89,2025-07-31,0.4788,-0.4534,0.0809
S_25,51.11,16.89,2025-08-05,0.4904,-0.4618,0.0909
S_25,51.11,16.89,2025-08-10,0.4986,-0.4693,0.1
S_25,51.11,16.89,2025-08-15,0.4995,-0.4601,0.1528
S_25,51.11,16.89,2025-08-20,0.4797,-0.4379,0.1634
S_25,51.11,16.89,2025-08-25,0.475,-0.4367,0.1475
S_25,51.11,16.89,2025-08-30,0.4887,-0.4643,0.0969
S_25,51.11,16.89,2025-09-04,0.5015,-0.4837,0.0822
S_25,51.11,16.89,2025-09-09,0.419,-0.4014,0.0806
S_25,51.11,16.89,2025-09-14,0.4194,-0.4018,0.072
S_25,51.11,16.89,2025-09-19,0.4187,-0.4028,0.066
S_25,51.11,16.89,2025-09-24,0.5105,-0.4956,0.0784
S_25,51.11,16.89,2025-09-29,0.5177,-0.504,0.0935
S_25,51.11,16.89,2025-10-04,0.5244,-0.5102,0.1016
S_25,51.11,16.89,2025-10-09,0.5312,-0.5163,0.1096
S_25,51.11,16.89,2025-10-14,0.526,-0.5159,0.1048
S_25,51.11,16.89,2025-10-19,0.5088,-0.5091,0.0872
S_25,51.11,16.89,2025-10-24,0.4797,-0.4958,0.0568
S_25,51.11,16.89,2025-10-29,0.4506,-0.4825,0.0263
S_25,51.11,16.89,2025-11-03,0.4274,-0.4711,0.0024
S_25,51.11,16.89,2025-11-08,0.41,-0.4615,-0.015
S_25,51.11,16.89,2025-11-13,0.3984,-0.4538,-0.0259
S_25,51.11,16.89,2025-11-18,0.3869,-0.4461,-0.0368
S_25,51.11,16.89,2025-11-23,0.3754,-0.4383,-0.0477
S_25,51.11,16.89,2025-11-28,0.3639,-0.4306,-0.0586
S_25,51.11,16.89,2025-12-03,0.3523,-0.4229,-0.0695
S_25,51.11,16.89,2025-12-08,0.3506,-0.4239,-0.053
S_25,51.11,16.89,2025-12-13,0.346,-0.4206,-0.029
S_25,51.11,16.89,2025-12-18,0.3384,-0.413,0.0025
S_25,51.11,16.89,2025-12-23,0.3179,-0.3926,0.0139
S_25,51.11,16.89,2025-12-28,0.2073,-0.2576,0.0958
S_25,51.11,16.89,2026-01-02,0.113,-0.1424,0.1603
S_25,51.11,16.89,2026-01-07,0.035,-0.047,0.2076
S_25,51.11,16.89,2026-01-12,0.0636,-0.0858,0.1671
S_25,51.11,16.89,2026-01-22,0.0923,-0.1247,0.1267
S_25,51.11,16.89,2026-02-01,0.1209,-0.1636,0.0862
S_25,51.11,16.89,2026-02-06,0.1495,-0.2024,0.0458
S_25,51.11,16.89,2026-02-11,0.1781,-0.2413,0.0053
S_25,51.11,16.89,2026-02-16,0.2068,-0.2802,-0.0351
S_25,51.11,16.89,2026-02-21,0.2354,-0.319,-0.0756
S_25,51.11,16.89,2026-02-26,0.2529,-0.3404,-0.1004
S_25,51.11,16.89,2026-03-03,0.2555,-0.3312,-0.0854
S_25,51.11,16.89,2026-03-08,0.2431,-0.2912,-0.0306
S_25,51.11,16.89,2026-03-13,0.2291,-0.264,-0.0264
S_25,51.11,16.89,2026-03-18,0.21,-0.231,-0.0256
S_25,51.11,16.89,2026-03-23,0.2417,-0.2709,-0.0474
S_25,51.11,16.89,2026-04-02,0.2767,-0.3024,-0.0209
S_25,51.11,16.89,2026-04-07,0.322,-0.3576,-0.0173
S_25,51.11,16.89,2026-04-12,0.322,-0.3576,-0.0173
S_26,51.03,16.91,2025-06-01,0.5339,-0.5122,0.1778
S_26,51.03,16.91,2025-06-06,0.5339,-0.5122,0.1778
S_26,51.03,16.91,2025-06-11,0.5506,-0.5185,0.2171
S_26,51.03,16.91,2025-06-16,0.5707,-0.5324,0.2241
S_26,51.03,16.91,2025-06-21,0.5826,-0.5446,0.2359
S_26,51.03,16.91,2025-06-26,0.5606,-0.5381,0.1983
S_26,51.03,16.91,2025-07-01,0.5463,-0.5185,0.2136
S_26,51.03,16.91,2025-07-06,0.5274,-0.4979,0.2023
S_26,51.03,16.91,2025-07-11,0.5129,-0.4871,0.1796
S_26,51.03,16.91,2025-07-16,0.4864,-0.4772,0.1409
S_26,51.03,16.91,2025-07-21,0.4714,-0.4654,0.1284
S_26,51.03,16.91,2025-07-26,0.4747,-0.4644,0.1339
S_26,51.03,16.91,2025-07-31,0.4846,-0.4764,0.1309
S_26,51.03,16.91,2025-08-05,0.4889,-0.4887,0.1128
S_26,51.03,16.91,2025-08-10,0.4926,-0.4972,0.0968
S_26,51.03,16.91,2025-08-15,0.4929,-0.4968,0.0989
S_26,51.03,16.91,2025-08-20,0.4879,-0.4801,0.1066
S_26,51.03,16.91,2025-08-25,0.483,-0.4776,0.1
S_26,51.03,16.91,2025-08-30,0.4239,-0.414,0.0803
S_26,51.03,16.91,2025-09-04,0.424,-0.4255,0.0605
S_26,51.03,16.91,2025-09-09,0.3777,-0.3713,0.072
S_26,51.03,16.91,2025-09-14,0.4321,-0.4317,0.066
S_26,51.03,16.91,2025-09-19,0.4377,-0.4364,0.0709
S_26,51.03,16.91,2025-09-24,0.4614,-0.4624,0.0581
S_26,51.03,16.91,2025-09-29,0.4131,-0.4099,0.0591
S_26,51.03,16.91,2025-10-04,0.3858,-0.3818,0.0531
S_26,51.03,16.91,2025-10-09,0.4009,-0.4031,0.048
S_26,51.03,16.91,2025-10-14,0.4333,-0.4467,0.0381
S_26,51.03,16.91,2025-10-19,0.4402,-0.4633,0.0222
S_26,51.03,16.91,2025-10-24,0.4217,-0.4529,0.0005
S_26,51.03,16.91,2025-10-29,0.4033,-0.4425,-0.0212
S_26,51.03,16.91,2025-11-03,0.3611,-0.3978,-0.0194
S_26,51.03,16.91,2025-11-08,0.2952,-0.3188,0.006
S_26,51.03,16.91,2025-11-13,0.2131,-0.2087,0.118
S_26,51.03,16.91,2025-11-18,0.1382,-0.1017,0.2929
S_26,51.03,16.91,2025-11-23,0.126,-0.081,0.3898
S_26,51.03,16.91,2025-11-28,0.1691,-0.1434,0.3458
S_26,51.03,16.91,2025-12-03,0.2674,-0.2888,0.1609
S_26,51.03,16.91,2025-12-08,0.3382,-0.3952,0.0447
S_26,51.03,16.91,2025-12-13,0.3583,-0.424,-0.0143
S_26,51.03,16.91,2025-12-18,0.3278,-0.3753,-0.016
S_26,51.03,16.91,2025-12-23,0.311,-0.357,-0.029
S_26,51.03,16.91,2025-12-28,0.2225,-0.2631,0.0189
S_26,51.03,16.91,2026-01-02,0.1904,-0.2332,0.074
S_26,51.03,16.91,2026-01-07,0.1781,-0.1984,0.1364
S_26,51.03,16.91,2026-01-12,0.2555,-0.2972,0.0747
S_26,51.03,16.91,2026-01-17,0.3176,-0.3875,0.0116
S_26,51.03,16.91,2026-01-22,0.3368,-0.4383,-0.0586
S_26,51.03,16.91,2026-01-27,0.3516,-0.4554,-0.0657
S_26,51.03,16.91,2026-02-01,0.3389,-0.4416,-0.0787
S_26,51.03,16.91,2026-02-06,0.3262,-0.4277,-0.0916
S_26,51.03,16.91,2026-02-11,0.3136,-0.4138,-0.1045
S_26,51.03,16.91,2026-02-16,0.3009,-0.3999,-0.1174
S_26,51.03,16.91,2026-02-21,0.2882,-0.3861,-0.1304
S_26,51.03,16.91,2026-02-26,0.2785,-0.3709,-0.1361
S_26,51.03,16.91,2026-03-03,0.2429,-0.315,-0.0874
S_26,51.03,16.91,2026-03-08,0.157,-0.2025,-0.0195
S_26,51.03,16.91,2026-03-13,0.096,-0.1151,0.03
S_26,51.03,16.91,2026-03-18,0.0889,-0.0923,0.0139
S_26,51.03,16.91,2026-03-23,0.1975,-0.2168,-0.0284
S_26,51.03,16.91,2026-03-28,0.2866,-0.313,-0.0464
S_26,51.03,16.91,2026-04-02,0.339,-0.3918,-0.0817
S_26,51.03,16.91,2026-04-07,0.2976,-0.338,-0.0771
S_26,51.03,16.91,2026-04-12,0.2683,-0.3165,-0.0956
S_27,51.05,16.91,2025-06-01,0.6112,-0.5668,0.2253
S_27,51.05,16.91,2025-06-06,0.6112,-0.5668,0.2253
S_27,51.05,16.91,2025-06-11,0.6228,-0.574,0.2503
S_27,51.05,16.91,2025-06-16,0.637,-0.5878,0.2583
S_27,51.05,16.91,2025-06-21,0.6414,-0.5981,0.2681
S_27,51.05,16.91,2025-06-26,0.6138,-0.5879,0.2401
S_27,51.05,16.91,2025-07-01,0.5209,-0.5086,0.2162
S_27,51.05,16.91,2025-07-06,0.4599,-0.4567,0.1823
S_27,51.05,16.91,2025-07-11,0.4414,-0.4418,0.1531
S_27,51.05,16.91,2025-07-16,0.4081,-0.4077,0.1259
S_27,51.05,16.91,2025-07-21,0.4465,-0.4421,0.1275
S_27,51.05,16.91,2025-07-26,0.4618,-0.4515,0.1367
S_27,51.05,16.91,2025-07-31,0.5536,-0.5417,0.1561
S_27,51.05,16.91,2025-08-05,0.5444,-0.5354,0.1423
S_27,51.05,16.91,2025-08-10,0.5262,-0.5239,0.1209
S_27,51.05,16.91,2025-08-15,0.4509,-0.432,0.1275
S_27,51.05,16.91,2025-08-20,0.4274,-0.4061,0.121
S_27,51.05,16.91,2025-08-25,0.429,-0.4105,0.1133
S_27,51.05,16.91,2025-08-30,0.4557,-0.4539,0.0776
S_27,51.05,16.91,2025-09-04,0.4336,-0.4324,0.0674
S_27,51.05,16.91,2025-09-09,0.4123,-0.4064,0.0602
S_27,51.05,16.91,2025-09-14,0.44,-0.443,0.0468
S_27,51.05,16.91,2025-09-19,0.4656,-0.4784,0.0371
S_27,51.05,16.91,2025-09-24,0.456,-0.4708,0.0371
S_27,51.05,16.91,2025-09-29,0.411,-0.42,0.0468
S_27,51.05,16.91,2025-10-04,0.3597,-0.3417,0.0846
S_27,51.05,16.91,2025-10-09,0.3671,-0.3556,0.0746
S_27,51.05,16.91,2025-10-14,0.338,-0.3267,0.0711
S_27,51.05,16.91,2025-10-19,0.2654,-0.2631,0.0455
S_27,51.05,16.91,2025-10-24,0.2063,-0.198,0.0472
S_27,51.05,16.91,2025-10-29,0.2561,-0.2665,0.022
S_27,51.05,16.91,2025-11-03,0.346,-0.3787,0.003
S_27,51.05,16.91,2025-11-08,0.3673,-0.4009,0.0171
S_27,51.05,16.91,2025-11-13,0.3199,-0.3333,0.0643
S_27,51.05,16.91,2025-11-18,0.2726,-0.2656,0.1114
S_27,51.05,16.91,2025-11-23,0.2252,-0.1979,0.1586
S_27,51.05,16.91,2025-11-28,0.1778,-0.1303,0.2058
S_27,51.05,16.91,2025-12-03,0.2365,-0.2175,0.1477
S_27,51.05,16.91,2025-12-08,0.3171,-0.3405,0.0785
S_27,51.05,16.91,2025-12-13,0.3952,-0.4564,-0.0093
S_27,51.05,16.91,2025-12-18,0.3646,-0.4102,-0.0104
S_27,51.05,16.91,2025-12-23,0.3398,-0.3808,-0.0223
S_27,51.05,16.91,2025-12-28,0.2358,-0.2667,0.1344
S_27,51.05,16.91,2026-01-02,0.1859,-0.2175,0.2322
S_27,51.05,16.91,2026-01-07,0.1598,-0.173,0.2746
S_27,51.05,16.91,2026-01-12,0.2622,-0.3027,0.097
S_27,51.05,16.91,2026-01-17,0.3583,-0.4284,-0.0056
S_27,51.05,16.91,2026-01-22,0.412,-0.5116,-0.0506
S_27,51.05,16.91,2026-01-27,0.4276,-0.5273,-0.0456
S_27,51.05,16.91,2026-02-01,0.4069,-0.5044,-0.0578
S_27,51.05,16.91,2026-02-06,0.3862,-0.4815,-0.0701
S_27,51.05,16.91,2026-02-11,0.3655,-0.4585,-0.0823
S_27,51.05,16.91,2026-02-16,0.3448,-0.4356,-0.0946
S_27,51.05,16.91,2026-02-21,0.3241,-0.4127,-0.1068
S_27,51.05,16.91,2026-02-26,0.3098,-0.3926,-0.1121
S_27,51.05,16.91,2026-03-03,0.2797,-0.346,-0.0982
S_27,51.05,16.91,2026-03-08,0.2839,-0.3399,-0.1111
S_27,51.05,16.91,2026-03-13,0.294,-0.3422,-0.1047
S_27,51.05,16.91,2026-03-18,0.2983,-0.3296,-0.0875
S_27,51.05,16.91,2026-03-23,0.3247,-0.351,-0.0423
S_27,51.05,16.91,2026-03-28,0.3538,-0.3663,-0.0066
S_27,51.05,16.91,2026-04-02,0.4179,-0.4555,0.007
S_27,51.05,16.91,2026-04-07,0.3921,-0.4164,0.0314
S_27,51.05,16.91,2026-04-12,0.3784,-0.4104,0.039
S_28,51.07,16.91,2025-06-01,0.6684,-0.6094,0.3143
S_28,51.07,16.91,2025-06-06,0.672,-0.6124,0.3132
S_28,51.07,16.91,2025-06-11,0.6654,-0.6063,0.3053
S_28,51.07,16.91,2025-06-16,0.6526,-0.6029,0.276
S_28,51.07,16.91,2025-06-21,0.6378,-0.5975,0.2616
S_28,51.07,16.91,2025-06-26,0.6069,-0.5842,0.2316
S_28,51.07,16.91,2025-07-01,0.5757,-0.5507,0.2295
S_28,51.07,16.91,2025-07-06,0.5361,-0.5166,0.191
S_28,51.07,16.91,2025-07-11,0.5158,-0.4995,0.1524
S_28,51.07,16.91,2025-07-16,0.4847,-0.4658,0.1478
S_28,51.07,16.91,2025-07-21,0.4798,-0.4669,0.1299
S_28,51.07,16.91,2025-07-26,0.4855,-0.4701,0.1343
S_28,51.07,16.91,2025-07-31,0.5085,-0.5066,0.0992
S_28,51.07,16.91,2025-08-05,0.5105,-0.5101,0.0901
S_28,51.07,16.91,2025-08-10,0.4789,-0.4943,0.0567
S_28,51.07,16.91,2025-08-15,0.4904,-0.4932,0.0877
S_28,51.07,16.91,2025-08-20,0.4892,-0.4866,0.0922
S_28,51.07,16.91,2025-08-25,0.5206,-0.5062,0.1123
S_28,51.07,16.91,2025-08-30,0.4672,-0.4654,0.0686
S_28,51.07,16.91,2025-09-04,0.4949,-0.4883,0.0876
S_28,51.07,16.91,2025-09-09,0.5074,-0.4936,0.098
S_28,51.07,16.91,2025-09-14,0.5455,-0.534,0.0901
S_28,51.07,16.91,2025-09-19,0.511,-0.5122,0.0557
S_28,51.07,16.91,2025-09-24,0.4601,-0.467,0.032
S_28,51.07,16.91,2025-09-29,0.3928,-0.3984,0.0188
S_28,51.07,16.91,2025-10-04,0.363,-0.3653,0.0112
S_28,51.07,16.91,2025-10-09,0.3936,-0.3973,0.0161
S_28,51.07,16.91,2025-10-14,0.4208,-0.4164,0.0418
S_28,51.07,16.91,2025-10-19,0.3846,-0.3574,0.0756
S_28,51.07,16.91,2025-10-24,0.3443,-0.3118,0.0814
S_28,51.07,16.91,2025-10-29,0.3634,-0.3576,0.0511
S_28,51.07,16.91,2025-11-03,0.4147,-0.4486,0.007
S_28,51.07,16.91,2025-11-08,0.4386,-0.4932,-0.0148
S_28,51.07,16.91,2025-11-13,0.4351,-0.4914,-0.0143
S_28,51.07,16.91,2025-11-18,0.4317,-0.4897,-0.0138
S_28,51.07,16.91,2025-11-23,0.4282,-0.4879,-0.0134
S_28,51.07,16.91,2025-11-28,0.4248,-0.4862,-0.0129
S_28,51.07,16.91,2025-12-03,0.4213,-0.4844,-0.0124
S_28,51.07,16.91,2025-12-08,0.425,-0.4922,-0.0051
S_28,51.07,16.91,2025-12-13,0.4115,-0.4712,-0.01
S_28,51.07,16.91,2025-12-18,0.3807,-0.4216,-0.0271
S_28,51.07,16.91,2025-12-23,0.3508,-0.4003,-0.0405
S_28,51.07,16.91,2025-12-28,0.3416,-0.4112,-0.0463
S_28,51.07,16.91,2026-01-02,0.353,-0.4541,-0.0444
S_28,51.07,16.91,2026-01-07,0.3597,-0.4626,-0.0576
S_28,51.07,16.91,2026-01-12,0.3664,-0.471,-0.0707
S_28,51.07,16.91,2026-01-17,0.3866,-0.4946,-0.0688
S_28,51.07,16.91,2026-01-22,0.3986,-0.5083,-0.0663
S_28,51.07,16.91,2026-02-01,0.4025,-0.512,-0.0633
S_28,51.07,16.91,2026-02-06,0.3851,-0.4905,-0.0749
S_28,51.07,16.91,2026-02-11,0.3676,-0.469,-0.0866
S_28,51.07,16.91,2026-02-16,0.3501,-0.4476,-0.0982
S_28,51.07,16.91,2026-02-21,0.3327,-0.4262,-0.1098
S_28,51.07,16.91,2026-02-26,0.3172,-0.4055,-0.1181
S_28,51.07,16.91,2026-03-03,0.2422,-0.2956,-0.0724
S_28,51.07,16.91,2026-03-08,0.2092,-0.2392,-0.0442
S_28,51.07,16.91,2026-03-13,0.2162,-0.2356,-0.0368
S_28,51.07,16.91,2026-03-18,0.273,-0.293,-0.0388
S_28,51.07,16.91,2026-03-23,0.3295,-0.3601,-0.0479
S_28,51.07,16.91,2026-03-28,0.341,-0.3654,-0.0281
S_28,51.07,16.91,2026-04-02,0.3887,-0.4373,-0.06
S_28,51.07,16.91,2026-04-07,0.3794,-0.4132,-0.0257
S_28,51.07,16.91,2026-04-12,0.3895,-0.4245,-0.0179
S_29,51.09,16.91,2025-06-01,0.6496,-0.5721,0.255
S_29,51.09,16.91,2025-06-06,0.6492,-0.5783,0.2418
S_29,51.09,16.91,2025-06-11,0.644,-0.5828,0.2238
S_29,51.09,16.91,2025-06-16,0.6541,-0.604,0.1969
S_29,51.09,16.91,2025-06-21,0.6607,-0.6129,0.2009
S_29,51.09,16.91,2025-06-26,0.6539,-0.6106,0.193
S_29,51.09,16.91,2025-07-01,0.5953,-0.5492,0.2102
S_29,51.09,16.91,2025-07-06,0.5611,-0.5154,0.1977
S_29,51.09,16.91,2025-07-11,0.5657,-0.516,0.1898
S_29,51.09,16.91,2025-07-16,0.5705,-0.5136,0.1822
S_29,51.09,16.91,2025-07-21,0.5907,-0.5375,0.1769
S_29,51.09,16.91,2025-07-26,0.5915,-0.5413,0.1829
S_29,51.09,16.91,2025-07-31,0.6301,-0.5859,0.1851
S_29,51.09,16.91,2025-08-05,0.6381,-0.5904,0.1894
S_29,51.09,16.91,2025-08-10,0.6566,-0.6038,0.1844
S_29,51.09,16.91,2025-08-15,0.6671,-0.6101,0.2027
S_29,51.09,16.91,2025-08-20,0.684,-0.6214,0.2351
S_29,51.09,16.91,2025-08-25,0.6718,-0.6114,0.234
S_29,51.09,16.91,2025-08-30,0.6899,-0.6254,0.2301
S_29,51.09,16.91,2025-09-04,0.6772,-0.618,0.1972
S_29,51.09,16.91,2025-09-09,0.6804,-0.6219,0.1965
S_29,51.09,16.91,2025-09-14,0.6584,-0.608,0.1647
S_29,51.09,16.91,2025-09-19,0.6544,-0.6066,0.159
S_29,51.09,16.91,2025-09-24,0.6433,-0.6002,0.1535
S_29,51.09,16.91,2025-09-29,0.6251,-0.5888,0.1482
S_29,51.09,16.91,2025-10-04,0.5988,-0.5687,0.128
S_29,51.09,16.91,2025-10-09,0.5724,-0.5486,0.1078
S_29,51.09,16.91,2025-10-14,0.4883,-0.4688,0.1072
S_29,51.09,16.91,2025-10-19,0.3464,-0.329,0.1264
S_29,51.09,16.91,2025-10-24,0.2691,-0.2632,0.1225
S_29,51.09,16.91,2025-10-29,0.3144,-0.3314,0.0761
S_29,51.09,16.91,2025-11-03,0.4229,-0.464,0.0159
S_29,51.09,16.91,2025-11-08,0.4721,-0.5274,-0.0154
S_29,51.09,16.91,2025-11-13,0.4618,-0.5216,-0.0176
S_29,51.09,16.91,2025-11-18,0.4516,-0.5157,-0.0199
S_29,51.09,16.91,2025-11-23,0.4413,-0.5098,-0.0221
S_29,51.09,16.91,2025-11-28,0.4311,-0.5039,-0.0244
S_29,51.09,16.91,2025-12-03,0.4208,-0.4981,-0.0266
S_29,51.09,16.91,2025-12-08,0.4199,-0.5032,-0.0167
S_29,51.09,16.91,2025-12-13,0.4233,-0.5141,-0.0024
S_29,51.09,16.91,2025-12-18,0.431,-0.5306,0.0163
S_29,51.09,16.91,2025-12-23,0.4336,-0.5418,0.0273
S_29,51.09,16.91,2025-12-28,0.3074,-0.3703,0.2077
S_29,51.09,16.91,2026-01-02,0.2095,-0.2456,0.3043
S_29,51.09,16.91,2026-01-07,0.1398,-0.1678,0.3173
S_29,51.09,16.91,2026-01-12,0.2273,-0.3196,0.0771
S_29,51.09,16.91,2026-01-17,0.2851,-0.4178,-0.0818
S_29,51.09,16.91,2026-01-22,0.3133,-0.4626,-0.1595
S_29,51.09,16.91,2026-02-01,0.312,-0.454,-0.156
S_29,51.09,16.91,2026-02-06,0.3106,-0.4453,-0.1524
S_29,51.09,16.91,2026-02-11,0.3092,-0.4367,-0.1488
S_29,51.09,16.91,2026-02-16,0.3078,-0.428,-0.1452
S_29,51.09,16.91,2026-02-21,0.3065,-0.4194,-0.1417
S_29,51.09,16.91,2026-02-26,0.3035,-0.4088,-0.1394
S_29,51.09,16.91,2026-03-03,0.2788,-0.3572,-0.1299
S_29,51.09,16.91,2026-03-08,0.2324,-0.2646,-0.1134
S_29,51.09,16.91,2026-03-13,0.2322,-0.2501,-0.0889
S_29,51.09,16.91,2026-03-18,0.2425,-0.2522,-0.0588
S_29,51.09,16.91,2026-03-23,0.303,-0.3498,-0.0647
S_29,51.09,16.91,2026-03-28,0.332,-0.3628,-0.0393
S_29,51.09,16.91,2026-04-02,0.3702,-0.4533,-0.1215
S_29,51.09,16.91,2026-04-07,0.3661,-0.4263,-0.0905
S_29,51.09,16.91,2026-04-12,0.3564,-0.4435,-0.1413
S_3,51.07,16.81,2025-06-01,0.662,-0.6239,0.2754
S_3,51.07,16.81,2025-06-06,0.6662,-0.6274,0.2769
S_3,51.07,16.81,2025-06-11,0.6608,-0.6138,0.2898
S_3,51.07,16.81,2025-06-16,0.6519,-0.6064,0.289
S_3,51.07,16.81,2025-06-21,0.6395,-0.605,0.2748
S_3,51.07,16.81,2025-06-26,0.632,-0.6052,0.2656
S_3,51.07,16.81,2025-07-01,0.5855,-0.5748,0.223
S_3,51.07,16.81,2025-07-06,0.5525,-0.5456,0.1938
S_3,51.07,16.81,2025-07-11,0.5382,-0.5428,0.1492
S_3,51.07,16.81,2025-07-16,0.5818,-0.5743,0.1658
S_3,51.07,16.81,2025-07-21,0.6307,-0.6084,0.1969
S_3,51.07,16.81,2025-07-26,0.5222,-0.49,0.2265
S_3,51.07,16.81,2025-07-31,0.5107,-0.4786,0.2211
S_3,51.07,16.81,2025-08-05,0.4957,-0.4709,0.2021
S_3,51.07,16.81,2025-08-10,0.5762,-0.5703,0.1527
S_3,51.07,16.81,2025-08-15,0.6086,-0.5924,0.1831
S_3,51.07,16.81,2025-08-20,0.6024,-0.5844,0.1856
S_3,51.07,16.81,2025-08-25,0.6216,-0.5981,0.1931
S_3,51.07,16.81,2025-08-30,0.5868,-0.5799,0.1504
S_3,51.07,16.81,2025-09-04,0.5887,-0.5858,0.1436
S_3,51.07,16.81,2025-09-09,0.6132,-0.6012,0.1569
S_3,51.07,16.81,2025-09-14,0.6236,-0.6019,0.1542
S_3,51.07,16.81,2025-09-19,0.6218,-0.5959,0.1526
S_3,51.07,16.81,2025-09-24,0.6189,-0.5932,0.1572
S_3,51.07,16.81,2025-09-29,0.615,-0.594,0.168
S_3,51.07,16.81,2025-10-04,0.6083,-0.5902,0.1682
S_3,51.07,16.81,2025-10-09,0.6017,-0.5864,0.1684
S_3,51.07,16.81,2025-10-14,0.5927,-0.584,0.1617
S_3,51.07,16.81,2025-10-19,0.5814,-0.583,0.1482
S_3,51.07,16.81,2025-10-24,0.5678,-0.5833,0.1277
S_3,51.07,16.81,2025-10-29,0.5541,-0.5836,0.1072
S_3,51.07,16.81,2025-11-03,0.5266,-0.5614,0.0957
S_3,51.07,16.81,2025-11-08,0.4851,-0.5167,0.0931
S_3,51.07,16.81,2025-11-13,0.4297,-0.4496,0.0993
S_3,51.07,16.81,2025-11-18,0.3743,-0.3824,0.1056
S_3,51.07,16.81,2025-11-23,0.319,-0.3152,0.1119
S_3,51.07,16.81,2025-11-28,0.2636,-0.2481,0.1181
S_3,51.07,16.81,2025-12-03,0.3178,-0.3206,0.0942
S_3,51.07,16.81,2025-12-08,0.3996,-0.4282,0.091
S_3,51.07,16.81,2025-12-13,0.4936,-0.5512,0.0818
S_3,51.07,16.81,2025-12-18,0.4901,-0.55,0.0968
S_3,51.07,16.81,2025-12-23,0.4712,-0.5293,0.0852
S_3,51.07,16.81,2025-12-28,0.4555,-0.5135,0.0729
S_3,51.07,16.81,2026-01-02,0.4429,-0.5028,0.0599
S_3,51.07,16.81,2026-01-07,0.4336,-0.4972,0.046
S_3,51.07,16.81,2026-01-12,0.4242,-0.4915,0.0322
S_3,51.07,16.81,2026-01-22,0.4148,-0.4858,0.0183
S_3,51.07,16.81,2026-02-01,0.4054,-0.4802,0.0045
S_3,51.07,16.81,2026-02-06,0.3961,-0.4745,-0.0093
S_3,51.07,16.81,2026-02-11,0.3867,-0.4688,-0.0232
S_3,51.07,16.81,2026-02-16,0.3773,-0.4631,-0.037
S_3,51.07,16.81,2026-02-21,0.368,-0.4575,-0.0509
S_3,51.07,16.81,2026-02-26,0.3603,-0.4485,-0.0599
S_3,51.07,16.81,2026-03-03,0.3017,-0.3684,-0.0537
S_3,51.07,16.81,2026-03-08,0.2964,-0.3301,-0.0015
S_3,51.07,16.81,2026-03-13,0.2581,-0.2676,-0.0014
S_3,51.07,16.81,2026-03-18,0.3234,-0.3264,0.0169
S_3,51.07,16.81,2026-03-23,0.3718,-0.3791,0.0107
S_3,51.07,16.81,2026-04-02,0.4601,-0.4648,0.0651
S_3,51.07,16.81,2026-04-07,0.5043,-0.5059,0.0994
S_3,51.07,16.81,2026-04-12,0.5124,-0.5114,0.1124
S_30,51.11,16.91,2025-06-01,0.5982,-0.5398,0.2011
S_30,51.11,16.91,2025-06-06,0.5846,-0.5342,0.1826
S_30,51.11,16.91,2025-06-11,0.5564,-0.5191,0.1521
S_30,51.11,16.91,2025-06-16,0.5414,-0.5126,0.1336
S_30,51.11,16.91,2025-06-21,0.5394,-0.5146,0.1271
S_30,51.11,16.91,2025-06-26,0.533,-0.5084,0.1212
S_30,51.11,16.91,2025-07-01,0.4132,-0.3874,0.0997
S_30,51.11,16.91,2025-07-06,0.3539,-0.323,0.0868
S_30,51.11,16.91,2025-07-11,0.3735,-0.3359,0.0876
S_30,51.11,16.91,2025-07-16,0.4999,-0.4382,0.1336
S_30,51.11,16.91,2025-07-21,0.5717,-0.5023,0.1573
S_30,51.11,16.91,2025-07-26,0.5854,-0.5097,0.1801
S_30,51.11,16.91,2025-07-31,0.6082,-0.5426,0.1812
S_30,51.11,16.91,2025-08-05,0.6199,-0.5527,0.1898
S_30,51.11,16.91,2025-08-10,0.5907,-0.5295,0.1744
S_30,51.11,16.91,2025-08-15,0.6012,-0.5404,0.1819
S_30,51.11,16.91,2025-08-20,0.6038,-0.5441,0.1813
S_30,51.11,16.91,2025-08-25,0.6318,-0.5699,0.183
S_30,51.11,16.91,2025-08-30,0.6136,-0.5569,0.156
S_30,51.11,16.91,2025-09-04,0.6045,-0.5502,0.1452
S_30,51.11,16.91,2025-09-09,0.49,-0.4445,0.12
S_30,51.11,16.91,2025-09-14,0.4892,-0.4437,0.1119
S_30,51.11,16.91,2025-09-19,0.4913,-0.4483,0.1128
S_30,51.11,16.91,2025-09-24,0.6042,-0.5548,0.1419
S_30,51.11,16.91,2025-09-29,0.5996,-0.5527,0.1516
S_30,51.11,16.91,2025-10-04,0.5882,-0.5416,0.1502
S_30,51.11,16.91,2025-10-09,0.5767,-0.5304,0.1487
S_30,51.11,16.91,2025-10-14,0.5613,-0.5219,0.1373
S_30,51.11,16.91,2025-10-19,0.5419,-0.5161,0.116
S_30,51.11,16.91,2025-10-24,0.5187,-0.513,0.0847
S_30,51.11,16.91,2025-10-29,0.4954,-0.5099,0.0534
S_30,51.11,16.91,2025-11-03,0.4771,-0.5062,0.0295
S_30,51.11,16.91,2025-11-08,0.4637,-0.5018,0.0129
S_30,51.11,16.91,2025-11-13,0.4554,-0.4968,0.0037
S_30,51.11,16.91,2025-11-18,0.447,-0.4918,-0.0055
S_30,51.11,16.91,2025-11-23,0.4387,-0.4868,-0.0146
S_30,51.11,16.91,2025-11-28,0.4303,-0.4818,-0.0238
S_30,51.11,16.91,2025-12-03,0.422,-0.4768,-0.033
S_30,51.11,16.91,2025-12-08,0.4213,-0.476,-0.0174
S_30,51.11,16.91,2025-12-13,0.4145,-0.4709,0.0065
S_30,51.11,16.91,2025-12-18,0.4017,-0.4615,0.0387
S_30,51.11,16.91,2025-12-23,0.3751,-0.4437,0.0543
S_30,51.11,16.91,2025-12-28,0.3062,-0.3696,0.1635
S_30,51.11,16.91,2026-01-02,0.1948,-0.239,0.3662
S_30,51.11,16.91,2026-01-07,0.1029,-0.1284,0.5316
S_30,51.11,16.91,2026-01-12,0.0729,-0.0938,0.5662
S_30,51.11,16.91,2026-01-22,0.1047,-0.1354,0.47
S_30,51.11,16.91,2026-02-01,0.1366,-0.177,0.3737
S_30,51.11,16.91,2026-02-06,0.1684,-0.2186,0.2775
S_30,51.11,16.91,2026-02-11,0.2003,-0.2603,0.1813
S_30,51.11,16.91,2026-02-16,0.2321,-0.3019,0.085
S_30,51.11,16.91,2026-02-21,0.264,-0.3435,-0.0112
S_30,51.11,16.91,2026-02-26,0.282,-0.3658,-0.0749
S_30,51.11,16.91,2026-03-03,0.2854,-0.3657,-0.1029
S_30,51.11,16.91,2026-03-08,0.2741,-0.3432,-0.0951
S_30,51.11,16.91,2026-03-13,0.2618,-0.3175,-0.0842
S_30,51.11,16.91,2026-03-18,0.271,-0.3126,-0.0671
S_30,51.11,16.91,2026-03-23,0.3622,-0.3991,-0.026
S_30,51.11,16.91,2026-03-28,0.3713,-0.3704,0.0346
S_30,51.11,16.91,2026-04-02,0.3629,-0.3295,0.0854
S_30,51.11,16.91,2026-04-07,0.2767,-0.2058,0.1087
S_30,51.11,16.91,2026-04-12,0.2767,-0.2058,0.1087
S_4,51.09,16.81,2025-06-01,0.7345,-0.6715,0.3107
S_4,51.09,16.81,2025-06-06,0.7363,-0.6732,0.31
S_4,51.09,16.81,2025-06-11,0.7573,-0.6896,0.3331
S_4,51.09,16.81,2025-06-16,0.7664,-0.7003,0.3403
S_4,51.09,16.81,2025-06-21,0.7636,-0.7053,0.3315
S_4,51.09,16.81,2025-06-26,0.7263,-0.6765,0.3048
S_4,51.09,16.81,2025-07-01,0.6633,-0.6307,0.2609
S_4,51.09,16.81,2025-07-06,0.6277,-0.6,0.2367
S_4,51.09,16.81,2025-07-11,0.6248,-0.5998,0.2094
S_4,51.09,16.81,2025-07-16,0.586,-0.5438,0.2146
S_4,51.09,16.81,2025-07-21,0.6224,-0.569,0.2328
S_4,51.09,16.81,2025-07-26,0.6396,-0.5801,0.2505
S_4,51.09,16.81,2025-07-31,0.7266,-0.6652,0.2724
S_4,51.09,16.81,2025-08-05,0.7267,-0.6671,0.2662
S_4,51.09,16.81,2025-08-10,0.7311,-0.6726,0.2691
S_4,51.09,16.81,2025-08-15,0.7274,-0.6711,0.2707
S_4,51.09,16.81,2025-08-20,0.7163,-0.661,0.2714
S_4,51.09,16.81,2025-08-25,0.7007,-0.6504,0.2476
S_4,51.09,16.81,2025-08-30,0.7007,-0.6569,0.2253
S_4,51.09,16.81,2025-09-04,0.7083,-0.67,0.2192
S_4,51.09,16.81,2025-09-09,0.5787,-0.558,0.1596
S_4,51.09,16.81,2025-09-14,0.5781,-0.555,0.148
S_4,51.09,16.81,2025-09-19,0.5708,-0.5458,0.1411
S_4,51.09,16.81,2025-09-24,0.6971,-0.658,0.1959
S_4,51.09,16.81,2025-09-29,0.6833,-0.6505,0.1947
S_4,51.09,16.81,2025-10-04,0.665,-0.6388,0.1808
S_4,51.09,16.81,2025-10-09,0.6468,-0.6272,0.167
S_4,51.09,16.81,2025-10-14,0.6253,-0.6173,0.1455
S_4,51.09,16.81,2025-10-19,0.6006,-0.6094,0.1164
S_4,51.09,16.81,2025-10-24,0.5726,-0.6033,0.0796
S_4,51.09,16.81,2025-10-29,0.5446,-0.5971,0.0428
S_4,51.09,16.81,2025-11-03,0.522,-0.5896,0.016
S_4,51.09,16.81,2025-11-08,0.5049,-0.5806,-0.0009
S_4,51.09,16.81,2025-11-13,0.4933,-0.5701,-0.0077
S_4,51.09,16.81,2025-11-18,0.4816,-0.5597,-0.0146
S_4,51.09,16.81,2025-11-23,0.47,-0.5492,-0.0214
S_4,51.09,16.81,2025-11-28,0.4583,-0.5388,-0.0283
S_4,51.09,16.81,2025-12-03,0.4467,-0.5283,-0.0351
S_4,51.09,16.81,2025-12-08,0.4542,-0.5429,-0.0166
S_4,51.09,16.81,2025-12-13,0.4583,-0.5516,0.0046
S_4,51.09,16.81,2025-12-18,0.4589,-0.5545,0.0285
S_4,51.09,16.81,2025-12-23,0.4369,-0.5265,0.0298
S_4,51.09,16.81,2025-12-28,0.4198,-0.5065,0.0256
S_4,51.09,16.81,2026-01-02,0.4077,-0.4943,0.016
S_4,51.09,16.81,2026-01-07,0.4007,-0.4901,0.0009
S_4,51.09,16.81,2026-01-12,0.3936,-0.4858,-0.0141
S_4,51.09,16.81,2026-01-22,0.3865,-0.4816,-0.0292
S_4,51.09,16.81,2026-02-01,0.3794,-0.4773,-0.0443
S_4,51.09,16.81,2026-02-06,0.3724,-0.473,-0.0594
S_4,51.09,16.81,2026-02-11,0.3653,-0.4688,-0.0745
S_4,51.09,16.81,2026-02-16,0.3582,-0.4645,-0.0895
S_4,51.09,16.81,2026-02-21,0.3512,-0.4603,-0.1046
S_4,51.09,16.81,2026-02-26,0.3451,-0.4514,-0.1119
S_4,51.09,16.81,2026-03-03,0.2853,-0.3498,-0.0656
S_4,51.09,16.81,2026-03-08,0.2594,-0.2873,-0.0152
S_4,51.09,16.81,2026-03-13,0.2572,-0.262,0.0213
S_4,51.09,16.81,2026-03-18,0.2881,-0.2962,0.0133
S_4,51.09,16.81,2026-03-23,0.335,-0.3538,0.0033
S_4,51.09,16.81,2026-04-02,0.3628,-0.3809,0.0083
S_4,51.09,16.81,2026-04-07,0.417,-0.4434,0.0131
S_4,51.09,16.81,2026-04-12,0.4218,-0.4444,0.0189
S_5,51.11,16.81,2025-06-01,0.6324,-0.5897,0.2217
S_5,51.11,16.81,2025-06-06,0.6342,-0.5936,0.2214
S_5,51.11,16.81,2025-06-11,0.6248,-0.5884,0.2199
S_5,51.11,16.81,2025-06-16,0.6214,-0.5894,0.2175
S_5,51.11,16.81,2025-06-21,0.6241,-0.5963,0.214
S_5,51.11,16.81,2025-06-26,0.6213,-0.5986,0.1955
S_5,51.11,16.81,2025-07-01,0.6201,-0.5968,0.1873
S_5,51.11,16.81,2025-07-06,0.6207,-0.5907,0.1893
S_5,51.11,16.81,2025-07-11,0.6476,-0.604,0.2167
S_5,51.11,16.81,2025-07-16,0.5659,-0.5198,0.2101
S_5,51.11,16.81,2025-07-21,0.5699,-0.5251,0.2095
S_5,51.11,16.81,2025-07-26,0.57,-0.5274,0.2043
S_5,51.11,16.81,2025-07-31,0.6748,-0.6241,0.2284
S_5,51.11,16.81,2025-08-05,0.6826,-0.6318,0.2304
S_5,51.11,16.81,2025-08-10,0.7147,-0.6561,0.2764
S_5,51.11,16.81,2025-08-15,0.7115,-0.6568,0.2786
S_5,51.11,16.81,2025-08-20,0.702,-0.648,0.2731
S_5,51.11,16.81,2025-08-25,0.6547,-0.6166,0.2044
S_5,51.11,16.81,2025-08-30,0.6439,-0.6136,0.1817
S_5,51.11,16.81,2025-09-04,0.6479,-0.6218,0.1807
S_5,51.11,16.81,2025-09-09,0.6156,-0.5821,0.1841
S_5,51.11,16.81,2025-09-14,0.6128,-0.5784,0.1692
S_5,51.11,16.81,2025-09-19,0.5874,-0.5601,0.1444
S_5,51.11,16.81,2025-09-24,0.5994,-0.5893,0.1241
S_5,51.11,16.81,2025-09-29,0.5681,-0.571,0.1096
S_5,51.11,16.81,2025-10-04,0.5457,-0.5557,0.0924
S_5,51.11,16.81,2025-10-09,0.5233,-0.5404,0.0753
S_5,51.11,16.81,2025-10-14,0.5055,-0.5318,0.0581
S_5,51.11,16.81,2025-10-19,0.4922,-0.5298,0.0408
S_5,51.11,16.81,2025-10-24,0.4836,-0.5346,0.0236
S_5,51.11,16.81,2025-10-29,0.4749,-0.5393,0.0063
S_5,51.11,16.81,2025-11-03,0.448,-0.5133,0.0073
S_5,51.11,16.81,2025-11-08,0.4029,-0.4565,0.0266
S_5,51.11,16.81,2025-11-13,0.3396,-0.3691,0.0642
S_5,51.11,16.81,2025-11-18,0.2763,-0.2816,0.1018
S_5,51.11,16.81,2025-11-23,0.213,-0.1941,0.1394
S_5,51.11,16.81,2025-11-28,0.1497,-0.1067,0.177
S_5,51.11,16.81,2025-12-03,0.2195,-0.2046,0.1236
S_5,51.11,16.81,2025-12-08,0.3256,-0.3527,0.0793
S_5,51.11,16.81,2025-12-13,0.4469,-0.5225,0.0237
S_5,51.11,16.81,2025-12-18,0.4503,-0.5286,0.0478
S_5,51.11,16.81,2025-12-23,0.4327,-0.5062,0.0514
S_5,51.11,16.81,2025-12-28,0.2903,-0.3456,0.1228
S_5,51.11,16.81,2026-01-02,0.166,-0.2074,0.1801
S_5,51.11,16.81,2026-01-07,0.0599,-0.0915,0.2235
S_5,51.11,16.81,2026-01-12,0.0967,-0.1363,0.1852
S_5,51.11,16.81,2026-01-22,0.1336,-0.1811,0.1469
S_5,51.11,16.81,2026-02-01,0.1705,-0.2259,0.1086
S_5,51.11,16.81,2026-02-06,0.2073,-0.2706,0.0702
S_5,51.11,16.81,2026-02-11,0.2442,-0.3154,0.0319
S_5,51.11,16.81,2026-02-16,0.2811,-0.3602,-0.0064
S_5,51.11,16.81,2026-02-21,0.3179,-0.405,-0.0447
S_5,51.11,16.81,2026-02-26,0.3434,-0.4309,-0.0674
S_5,51.11,16.81,2026-03-03,0.3538,-0.4302,-0.0641
S_5,51.11,16.81,2026-03-08,0.3492,-0.4029,-0.0349
S_5,51.11,16.81,2026-03-13,0.3342,-0.3587,0.0012
S_5,51.11,16.81,2026-03-18,0.3122,-0.3055,0.0339
S_5,51.11,16.81,2026-03-23,0.3421,-0.334,0.0429
S_5,51.11,16.81,2026-04-02,0.3817,-0.3833,0.0422
S_5,51.11,16.81,2026-04-07,0.4309,-0.4534,0.0316
S_5,51.11,16.81,2026-04-12,0.4309,-0.4534,0.0316
S_6,51.03,16.83,2025-06-01,0.681,-0.641,0.374
S_6,51.03,16.83,2025-06-06,0.6868,-0.6452,0.3734
S_6,51.03,16.83,2025-06-11,0.6869,-0.6414,0.3693
S_6,51.03,16.83,2025-06-16,0.6758,-0.633,0.3558
S_6,51.03,16.83,2025-06-21,0.6533,-0.6198,0.3331
S_6,51.03,16.83,2025-06-26,0.608,-0.5993,0.2918
S_6,51.03,16.83,2025-07-01,0.5399,-0.5639,0.2381
S_6,51.03,16.83,2025-07-06,0.4657,-0.5157,0.168
S_6,51.03,16.83,2025-07-11,0.4083,-0.4696,0.0937
S_6,51.03,16.83,2025-07-16,0.3729,-0.4141,0.0862
S_6,51.03,16.83,2025-07-21,0.3697,-0.4106,0.0591
S_6,51.03,16.83,2025-07-26,0.3847,-0.4219,0.0616
S_6,51.03,16.83,2025-07-31,0.4126,-0.4597,0.0224
S_6,51.03,16.83,2025-08-05,0.4212,-0.4698,0.0227
S_6,51.03,16.83,2025-08-10,0.4111,-0.4665,0.0202
S_6,51.03,16.83,2025-08-15,0.4029,-0.4664,0.0362
S_6,51.03,16.83,2025-08-20,0.3958,-0.4578,0.0448
S_6,51.03,16.83,2025-08-25,0.4031,-0.4634,0.0391
S_6,51.03,16.83,2025-08-30,0.3999,-0.4531,0.0241
S_6,51.03,16.83,2025-09-04,0.3923,-0.4291,0.0356
S_6,51.03,16.83,2025-09-09,0.3803,-0.3913,0.0735
S_6,51.03,16.83,2025-09-14,0.389,-0.4017,0.0524
S_6,51.03,16.83,2025-09-19,0.4052,-0.429,0.0274
S_6,51.03,16.83,2025-09-24,0.426,-0.4678,-0.0068
S_6,51.03,16.83,2025-09-29,0.4306,-0.4698,0.0088
S_6,51.03,16.83,2025-10-04,0.4322,-0.4662,0.0194
S_6,51.03,16.83,2025-10-09,0.4338,-0.4626,0.0299
S_6,51.03,16.83,2025-10-14,0.4342,-0.4638,0.0336
S_6,51.03,16.83,2025-10-19,0.4333,-0.4698,0.0305
S_6,51.03,16.83,2025-10-24,0.4312,-0.4805,0.0206
S_6,51.03,16.83,2025-10-29,0.4291,-0.4912,0.0107
S_6,51.03,16.83,2025-11-03,0.39,-0.4534,0.0345
S_6,51.03,16.83,2025-11-08,0.314,-0.3669,0.0919
S_6,51.03,16.83,2025-11-13,0.201,-0.2318,0.183
S_6,51.03,16.83,2025-11-18,0.088,-0.0967,0.2741
S_6,51.03,16.83,2025-11-23,0.0426,-0.0321,0.3029
S_6,51.03,16.83,2025-11-28,0.0647,-0.0381,0.2695
S_6,51.03,16.83,2025-12-03,0.2208,-0.2184,0.1614
S_6,51.03,16.83,2025-12-08,0.3563,-0.3809,0.1103
S_6,51.03,16.83,2025-12-13,0.4561,-0.5122,0.0816
S_6,51.03,16.83,2025-12-18,0.4537,-0.5085,0.0878
S_6,51.03,16.83,2025-12-23,0.4363,-0.4914,0.0595
S_6,51.03,16.83,2025-12-28,0.422,-0.4782,0.0378
S_6,51.03,16.83,2026-01-02,0.411,-0.4691,0.0227
S_6,51.03,16.83,2026-01-07,0.4031,-0.4639,0.014
S_6,51.03,16.83,2026-01-12,0.3953,-0.4588,0.0054
S_6,51.03,16.83,2026-01-22,0.3875,-0.4537,-0.0033
S_6,51.03,16.83,2026-02-01,0.3797,-0.4486,-0.0119
S_6,51.03,16.83,2026-02-06,0.3718,-0.4434,-0.0205
S_6,51.03,16.83,2026-02-11,0.364,-0.4383,-0.0292
S_6,51.03,16.83,2026-02-16,0.3562,-0.4332,-0.0378
S_6,51.03,16.83,2026-02-21,0.3483,-0.428,-0.0465
S_6,51.03,16.83,2026-02-26,0.3463,-0.422,-0.0509
S_6,51.03,16.83,2026-03-03,0.3208,-0.3827,-0.037
S_6,51.03,16.83,2026-03-08,0.3211,-0.3551,0.0017
S_6,51.03,16.83,2026-03-13,0.3166,-0.327,0.0409
S_6,51.03,16.83,2026-03-18,0.3368,-0.3307,0.0666
S_6,51.03,16.83,2026-03-23,0.3796,-0.3767,0.0783
S_6,51.03,16.83,2026-04-02,0.4236,-0.4254,0.0937
S_6,51.03,16.83,2026-04-07,0.4688,-0.4768,0.1128
S_6,51.03,16.83,2026-04-12,0.4682,-0.4763,0.1211
S_7,51.05,16.83,2025-06-01,0.6361,-0.598,0.2705
S_7,51.05,16.83,2025-06-06,0.6444,-0.6033,0.275
S_7,51.05,16.83,2025-06-11,0.6481,-0.603,0.281
S_7,51.05,16.83,2025-06-16,0.6426,-0.5998,0.278
S_7,51.05,16.83,2025-06-21,0.6279,-0.5938,0.2658
S_7,51.05,16.83,2025-06-26,0.6011,-0.5821,0.2432
S_7,51.05,16.83,2025-07-01,0.5584,-0.5565,0.216
S_7,51.05,16.83,2025-07-06,0.515,-0.5264,0.1769
S_7,51.05,16.83,2025-07-11,0.487,-0.5055,0.1306
S_7,51.05,16.83,2025-07-16,0.3962,-0.4039,0.0995
S_7,51.05,16.83,2025-07-21,0.3816,-0.3917,0.0802
S_7,51.05,16.83,2025-07-26,0.3851,-0.3921,0.0869
S_7,51.05,16.83,2025-07-31,0.4845,-0.4952,0.097
S_7,51.05,16.83,2025-08-05,0.5129,-0.5213,0.103
S_7,51.05,16.83,2025-08-10,0.5316,-0.538,0.1091
S_7,51.05,16.83,2025-08-15,0.5315,-0.5433,0.1011
S_7,51.05,16.83,2025-08-20,0.5258,-0.5375,0.0975
S_7,51.05,16.83,2025-08-25,0.511,-0.5298,0.0796
S_7,51.05,16.83,2025-08-30,0.4038,-0.3917,0.1189
S_7,51.05,16.83,2025-09-04,0.3069,-0.3223,0.0304
S_7,51.05,16.83,2025-09-09,0.3095,-0.3063,0.0635
S_7,51.05,16.83,2025-09-14,0.4182,-0.4435,0.0035
S_7,51.05,16.83,2025-09-19,0.5177,-0.5146,0.0825
S_7,51.05,16.83,2025-09-24,0.5164,-0.5287,0.0419
S_7,51.05,16.83,2025-09-29,0.4998,-0.5164,0.0394
S_7,51.05,16.83,2025-10-04,0.4808,-0.4979,0.0275
S_7,51.05,16.83,2025-10-09,0.4618,-0.4795,0.0156
S_7,51.05,16.83,2025-10-14,0.4468,-0.4701,0.0012
S_7,51.05,16.83,2025-10-19,0.4356,-0.4698,-0.0158
S_7,51.05,16.83,2025-10-24,0.4284,-0.4784,-0.0354
S_7,51.05,16.83,2025-10-29,0.4211,-0.4871,-0.0551
S_7,51.05,16.83,2025-11-03,0.3796,-0.4432,-0.0145
S_7,51.05,16.83,2025-11-08,0.304,-0.3467,0.0862
S_7,51.05,16.83,2025-11-13,0.1942,-0.1975,0.2471
S_7,51.05,16.83,2025-11-18,0.0844,-0.0484,0.408
S_7,51.05,16.83,2025-11-23,0.0331,0.0212,0.432
S_7,51.05,16.83,2025-11-28,0.0402,0.0112,0.319
S_7,51.05,16.83,2025-12-03,0.1753,-0.1793,0.0958
S_7,51.05,16.83,2025-12-08,0.2988,-0.3502,-0.0256
S_7,51.05,16.83,2025-12-13,0.3929,-0.4839,-0.069
S_7,51.05,16.83,2025-12-18,0.388,-0.4793,-0.061
S_7,51.05,16.83,2025-12-23,0.3651,-0.4572,-0.0769
S_7,51.05,16.83,2025-12-28,0.3485,-0.4413,-0.0898
S_7,51.05,16.83,2026-01-02,0.3381,-0.4318,-0.0996
S_7,51.05,16.83,2026-01-07,0.334,-0.4286,-0.1062
S_7,51.05,16.83,2026-01-12,0.3299,-0.4254,-0.1129
S_7,51.05,16.83,2026-01-22,0.3258,-0.4222,-0.1195
S_7,51.05,16.83,2026-02-01,0.3216,-0.4189,-0.1262
S_7,51.05,16.83,2026-02-06,0.3175,-0.4157,-0.1329
S_7,51.05,16.83,2026-02-11,0.3134,-0.4125,-0.1395
S_7,51.05,16.83,2026-02-16,0.3093,-0.4093,-0.1462
S_7,51.05,16.83,2026-02-21,0.3052,-0.4061,-0.1528
S_7,51.05,16.83,2026-02-26,0.3026,-0.399,-0.1538
S_7,51.05,16.83,2026-03-03,0.2691,-0.3333,-0.1108
S_7,51.05,16.83,2026-03-08,0.2303,-0.2487,-0.0666
S_7,51.05,16.83,2026-03-13,0.2059,-0.1911,-0.0334
S_7,51.05,16.83,2026-03-18,0.2285,-0.2151,-0.0494
S_7,51.05,16.83,2026-03-23,0.297,-0.3076,-0.0529
S_7,51.05,16.83,2026-04-02,0.3463,-0.3726,-0.0441
S_7,51.05,16.83,2026-04-07,0.3763,-0.41,-0.0229
S_7,51.05,16.83,2026-04-12,0.3694,-0.4017,-0.0156
S_8,51.07,16.83,2025-06-01,0.6178,-0.5872,0.2226
S_8,51.07,16.83,2025-06-06,0.6249,-0.592,0.2255
S_8,51.07,16.83,2025-06-11,0.6238,-0.5855,0.2307
S_8,51.07,16.83,2025-06-16,0.631,-0.5901,0.2424
S_8,51.07,16.83,2025-06-21,0.6465,-0.606,0.2605
S_8,51.07,16.83,2025-06-26,0.6552,-0.6144,0.2826
S_8,51.07,16.83,2025-07-01,0.6334,-0.5997,0.2798
S_8,51.07,16.83,2025-07-06,0.5988,-0.5735,0.253
S_8,51.07,16.83,2025-07-11,0.5816,-0.5705,0.2054
S_8,51.07,16.83,2025-07-16,0.5897,-0.5806,0.1822
S_8,51.07,16.83,2025-07-21,0.6052,-0.5923,0.1822
S_8,51.07,16.83,2025-07-26,0.6201,-0.6001,0.2004
S_8,51.07,16.83,2025-07-31,0.627,-0.6024,0.2138
S_8,51.07,16.83,2025-08-05,0.6291,-0.6071,0.2108
S_8,51.07,16.83,2025-08-10,0.6081,-0.5918,0.2
S_8,51.07,16.83,2025-08-15,0.6417,-0.613,0.2262
S_8,51.07,16.83,2025-08-20,0.6461,-0.6123,0.2316
S_8,51.07,16.83,2025-08-25,0.6474,-0.6174,0.2126
S_8,51.07,16.83,2025-08-30,0.6019,-0.5926,0.1589
S_8,51.07,16.83,2025-09-04,0.5904,-0.5884,0.1396
S_8,51.07,16.83,2025-09-09,0.5323,-0.5182,0.1364
S_8,51.07,16.83,2025-09-14,0.5192,-0.5075,0.1092
S_8,51.07,16.83,2025-09-19,0.4939,-0.4915,0.0798
S_8,51.07,16.83,2025-09-24,0.5328,-0.5508,0.0584
S_8,51.07,16.83,2025-09-29,0.5105,-0.5394,0.0506
S_8,51.07,16.83,2025-10-04,0.4842,-0.5219,0.0345
S_8,51.07,16.83,2025-10-09,0.4578,-0.5045,0.0184
S_8,51.07,16.83,2025-10-14,0.4377,-0.4937,0.0012
S_8,51.07,16.83,2025-10-19,0.4238,-0.4895,-0.0173
S_8,51.07,16.83,2025-10-24,0.4162,-0.492,-0.0369
S_8,51.07,16.83,2025-10-29,0.4085,-0.4946,-0.0566
S_8,51.07,16.83,2025-11-03,0.3858,-0.4726,-0.0577
S_8,51.07,16.83,2025-11-08,0.3481,-0.4262,-0.0402
S_8,51.07,16.83,2025-11-13,0.2953,-0.3553,-0.0042
S_8,51.07,16.83,2025-11-18,0.2425,-0.2843,0.0318
S_8,51.07,16.83,2025-11-23,0.1897,-0.2134,0.0678
S_8,51.07,16.83,2025-11-28,0.1369,-0.1425,0.1038
S_8,51.07,16.83,2025-12-03,0.1968,-0.226,0.0557
S_8,51.07,16.83,2025-12-08,0.2836,-0.3434,0.0189
S_8,51.07,16.83,2025-12-13,0.3844,-0.48,-0.0354
S_8,51.07,16.83,2025-12-18,0.3865,-0.4815,-0.0232
S_8,51.07,16.83,2025-12-23,0.3755,-0.4683,-0.0396
S_8,51.07,16.83,2025-12-28,0.2718,-0.3325,0.0833
S_8,51.07,16.83,2026-01-02,0.1806,-0.2138,0.1939
S_8,51.07,16.83,2026-01-07,0.1018,-0.1122,0.2923
S_8,51.07,16.83,2026-01-12,0.1282,-0.1503,0.239
S_8,51.07,16.83,2026-01-22,0.1546,-0.1884,0.1858
S_8,51.07,16.83,2026-02-01,0.181,-0.2265,0.1326
S_8,51.07,16.83,2026-02-06,0.2073,-0.2647,0.0793
S_8,51.07,16.83,2026-02-11,0.2337,-0.3028,0.0261
S_8,51.07,16.83,2026-02-16,0.2601,-0.3409,-0.0271
S_8,51.07,16.83,2026-02-21,0.2865,-0.379,-0.0804
S_8,51.07,16.83,2026-02-26,0.3047,-0.3995,-0.1138
S_8,51.07,16.83,2026-03-03,0.2736,-0.3219,-0.0979
S_8,51.07,16.83,2026-03-08,0.2708,-0.2865,-0.0596
S_8,51.07,16.83,2026-03-13,0.2444,-0.2383,-0.0383
S_8,51.07,16.83,2026-03-18,0.2355,-0.2576,-0.0632
S_8,51.07,16.83,2026-03-23,0.3022,-0.3179,-0.0182
S_8,51.07,16.83,2026-04-02,0.3824,-0.3937,0.0294
S_8,51.07,16.83,2026-04-07,0.4762,-0.4851,0.0796
S_8,51.07,16.83,2026-04-12,0.4618,-0.4817,0.0613
S_9,51.09,16.83,2025-06-01,0.6924,-0.634,0.2776
S_9,51.09,16.83,2025-06-06,0.6966,-0.6374,0.2791
S_9,51.09,16.83,2025-06-11,0.6463,-0.6001,0.2562
S_9,51.09,16.83,2025-06-16,0.6221,-0.5861,0.2432
S_9,51.09,16.83,2025-06-21,0.624,-0.5953,0.2401
S_9,51.09,16.83,2025-06-26,0.6578,-0.6226,0.263
S_9,51.09,16.83,2025-07-01,0.6604,-0.6232,0.2645
S_9,51.09,16.83,2025-07-06,0.6318,-0.5971,0.2445
S_9,51.09,16.83,2025-07-11,0.6247,-0.5936,0.2129
S_9,51.09,16.83,2025-07-16,0.6422,-0.608,0.2108
S_9,51.09,16.83,2025-07-21,0.6842,-0.6402,0.2384
S_9,51.09,16.83,2025-07-26,0.7215,-0.6669,0.2756
S_9,51.09,16.83,2025-07-31,0.7295,-0.6703,0.293
S_9,51.09,16.83,2025-08-05,0.7228,-0.6677,0.2814
S_9,51.09,16.83,2025-08-10,0.7396,-0.6796,0.2971
S_9,51.09,16.83,2025-08-15,0.754,-0.692,0.3002
S_9,51.09,16.83,2025-08-20,0.7513,-0.6875,0.3001
S_9,51.09,16.83,2025-08-25,0.7227,-0.6692,0.2602
S_9,51.09,16.83,2025-08-30,0.7081,-0.6636,0.2363
S_9,51.09,16.83,2025-09-04,0.7076,-0.6709,0.2283
S_9,51.09,16.83,2025-09-09,0.6613,-0.6217,0.2255
S_9,51.09,16.83,2025-09-14,0.6558,-0.6158,0.2095
S_9,51.09,16.83,2025-09-19,0.6418,-0.6024,0.196
S_9,51.09,16.83,2025-09-24,0.6752,-0.646,0.1846
S_9,51.09,16.83,2025-09-29,0.6554,-0.6343,0.1774
S_9,51.09,16.83,2025-10-04,0.632,-0.6181,0.159
S_9,51.09,16.83,2025-10-09,0.6085,-0.6018,0.1405
S_9,51.09,16.83,2025-10-14,0.5836,-0.5878,0.1169
S_9,51.09,16.83,2025-10-19,0.5571,-0.5762,0.0883
S_9,51.09,16.83,2025-10-24,0.5291,-0.5669,0.0546
S_9,51.09,16.83,2025-10-29,0.5011,-0.5577,0.021
S_9,51.09,16.83,2025-11-03,0.4793,-0.5487,-0.003
S_9,51.09,16.83,2025-11-08,0.4637,-0.5401,-0.0174
S_9,51.09,16.83,2025-11-13,0.4544,-0.5319,-0.022
S_9,51.09,16.83,2025-11-18,0.445,-0.5236,-0.0267
S_9,51.09,16.83,2025-11-23,0.4356,-0.5154,-0.0313
S_9,51.09,16.83,2025-11-28,0.4262,-0.5071,-0.036
S_9,51.09,16.83,2025-12-03,0.4169,-0.4989,-0.0406
S_9,51.09,16.83,2025-12-08,0.4237,-0.5112,-0.0207
S_9,51.09,16.83,2025-12-13,0.4273,-0.5181,0.0003
S_9,51.09,16.83,2025-12-18,0.4277,-0.5196,0.0225
S_9,51.09,16.83,2025-12-23,0.4089,-0.4951,0.0211
S_9,51.09,16.83,2025-12-28,0.3942,-0.4775,0.0158
S_9,51.09,16.83,2026-01-02,0.3839,-0.4668,0.0066
S_9,51.09,16.83,2026-01-07,0.3777,-0.463,-0.0066
S_9,51.09,16.83,2026-01-12,0.3716,-0.4592,-0.0199
S_9,51.09,16.83,2026-01-22,0.3654,-0.4554,-0.0331
S_9,51.09,16.83,2026-02-01,0.3592,-0.4515,-0.0463
S_9,51.09,16.83,2026-02-06,0.3531,-0.4477,-0.0595
S_9,51.09,16.83,2026-02-11,0.347,-0.4439,-0.0727
S_9,51.09,16.83,2026-02-16,0.3408,-0.4401,-0.086
S_9,51.09,16.83,2026-02-21,0.3347,-0.4363,-0.0992
S_9,51.09,16.83,2026-02-26,0.3302,-0.4287,-0.1075
S_9,51.09,16.83,2026-03-03,0.3264,-0.4062,-0.0853
S_9,51.09,16.83,2026-03-08,0.3233,-0.369,-0.0327
S_9,51.09,16.83,2026-03-13,0.2952,-0.3244,-0.0159
S_9,51.09,16.83,2026-03-18,0.2779,-0.2945,-0.0145
S_9,51.09,16.83,2026-03-23,0.3134,-0.334,-0.0314
S_9,51.09,16.83,2026-04-02,0.3741,-0.3858,-0.0131
S_9,51.09,16.83,2026-04-07,0.4253,-0.4392,-0.0055
S_9,51.09,16.83,2026-04-12,0.4253,-0.4392,-0.0055
