Sektor_ID,Lat,Lon,Pred_NDVI,Pred_NDWI,Pred_NDMI,Forecast_Date,Step
S_1,51.03,16.81,0.49208745,-0.47850788,0.16597468,2026-04-17,1
S_10,51.11,16.83,0.43175817,-0.455979,0.004038748,2026-04-17,1
S_11,51.03,16.85,0.45225164,-0.46560976,0.10616603,2026-04-17,1
S_12,51.05,16.85,0.24620813,-0.31055623,-0.076435246,2026-04-17,1
S_13,51.07,16.85,0.26135662,-0.34757423,-0.16491611,2026-04-17,1
S_14,51.09,16.85,0.3547815,-0.37957773,0.030351372,2026-04-17,1
S_15,51.11,16.85,0.44655728,-0.45212975,0.12812853,2026-04-17,1
S_16,51.03,16.87,0.4656321,-0.47168913,0.21389866,2026-04-17,1
S_17,51.05,16.87,0.252158,-0.30961314,-0.06729357,2026-04-17,1
S_18,51.07,16.87,0.28003427,-0.35439998,-0.05585368,2026-04-17,1
S_19,51.09,16.87,0.47843665,-0.480272,0.0032385103,2026-04-17,1
S_2,51.05,16.81,0.30715805,-0.3792318,-0.018660355,2026-04-17,1
S_20,51.11,16.87,0.25276157,-0.2888014,-0.0021313697,2026-04-17,1
S_21,51.03,16.89,0.29680553,-0.35140195,0.031652313,2026-04-17,1
S_22,51.05,16.89,0.47599006,-0.46529475,0.12354529,2026-04-17,1
S_23,51.07,16.89,0.3969516,-0.42197448,0.055266123,2026-04-17,1
S_24,51.09,16.89,0.41078782,-0.4398538,0.0011616574,2026-04-17,1
S_25,51.11,16.89,0.32031313,-0.37566012,-0.005926719,2026-04-17,1
S_26,51.03,16.91,0.26878592,-0.31660843,-0.06809368,2026-04-17,1
S_27,51.05,16.91,0.38460523,-0.40608576,0.03816722,2026-04-17,1
S_28,51.07,16.91,0.3926215,-0.42513177,-0.0012357363,2026-04-17,1
S_29,51.09,16.91,0.34893838,-0.4031704,-0.09475422,2026-04-17,1
S_3,51.07,16.81,0.4781743,-0.5082788,0.10962729,2026-04-17,1
S_30,51.11,16.91,0.3122314,-0.24068443,0.08631227,2026-04-17,1
S_4,51.09,16.81,0.44051215,-0.45907974,0.027186355,2026-04-17,1
S_5,51.11,16.81,0.4327789,-0.45470396,0.031809356,2026-04-17,1
S_6,51.03,16.83,0.4639472,-0.47359964,0.10748391,2026-04-17,1
S_7,51.05,16.83,0.36329815,-0.40348446,-0.0011330338,2026-04-17,1
S_8,51.07,16.83,0.44633687,-0.4774284,0.07031851,2026-04-17,1
S_9,51.09,16.83,0.4391252,-0.45230225,0.0019400349,2026-04-17,1
S_1,51.03,16.81,0.47898525,-0.47168112,0.16511126,2026-04-22,2
S_10,51.11,16.83,0.4241762,-0.4530788,0.019121991,2026-04-22,2
S_11,51.03,16.85,0.4370782,-0.44742146,0.101232864,2026-04-22,2
S_12,51.05,16.85,0.2404702,-0.31565657,-0.059982266,2026-04-22,2
S_13,51.07,16.85,0.2554076,-0.29309544,-0.13053866,2026-04-22,2
S_14,51.09,16.85,0.37336022,-0.4030894,0.035019178,2026-04-22,2
S_15,51.11,16.85,0.44693798,-0.45711082,0.13106257,2026-04-22,2
S_16,51.03,16.87,0.43501163,-0.461304,0.18761154,2026-04-22,2
S_17,51.05,16.87,0.24699597,-0.3128139,-0.051709346,2026-04-22,2
S_18,51.07,16.87,0.27383432,-0.35419938,-0.049891245,2026-04-22,2
S_19,51.09,16.87,0.4559817,-0.46159714,0.011945783,2026-04-22,2
S_2,51.05,16.81,0.30893606,-0.36204195,0.03790448,2026-04-22,2
S_20,51.11,16.87,0.2682789,-0.3036644,0.0076550785,2026-04-22,2
S_21,51.03,16.89,0.28699484,-0.33521163,0.054489363,2026-04-22,2
S_22,51.05,16.89,0.45601138,-0.4443595,0.10756358,2026-04-22,2
S_23,51.07,16.89,0.39541999,-0.4228027,0.067649655,2026-04-22,2
S_24,51.09,16.89,0.4258706,-0.43909755,0.00574708,2026-04-22,2
S_25,51.11,16.89,0.31845257,-0.36686537,0.011814622,2026-04-22,2
S_26,51.03,16.91,0.30478412,-0.32433802,-0.04042954,2026-04-22,2
S_27,51.05,16.91,0.38836342,-0.4065169,0.034257833,2026-04-22,2
S_28,51.07,16.91,0.39255258,-0.4266954,0.0098793125,2026-04-22,2
S_29,51.09,16.91,0.36254412,-0.38890415,-0.057516154,2026-04-22,2
S_3,51.07,16.81,0.45223185,-0.49224335,0.11135575,2026-04-22,2
S_30,51.11,16.91,0.41736218,-0.33637014,0.08036372,2026-04-22,2
S_4,51.09,16.81,0.43693033,-0.45754436,0.042330932,2026-04-22,2
S_5,51.11,16.81,0.42743656,-0.4518545,0.03592087,2026-04-22,2
S_6,51.03,16.83,0.4512352,-0.46397638,0.10329979,2026-04-22,2
S_7,51.05,16.83,0.35728085,-0.4022053,0.006409068,2026-04-22,2
S_8,51.07,16.83,0.42153758,-0.45923868,0.056850016,2026-04-22,2
S_9,51.09,16.83,0.42935172,-0.45614788,0.015088401,2026-04-22,2
S_1,51.03,16.81,0.45878685,-0.4599735,0.15859048,2026-04-27,3
S_10,51.11,16.83,0.42665452,-0.44733933,0.027918983,2026-04-27,3
S_11,51.03,16.85,0.41435513,-0.43426287,0.09933197,2026-04-27,3
S_12,51.05,16.85,0.25856632,-0.32222787,-0.05044592,2026-04-27,3
S_13,51.07,16.85,0.24590178,-0.28517297,-0.10266027,2026-04-27,3
S_14,51.09,16.85,0.37646246,-0.39250696,0.036236845,2026-04-27,3
S_15,51.11,16.85,0.43789154,-0.4495564,0.12510936,2026-04-27,3
S_16,51.03,16.87,0.4020206,-0.45108598,0.16691728,2026-04-27,3
S_17,51.05,16.87,0.25375065,-0.31400907,-0.03929365,2026-04-27,3
S_18,51.07,16.87,0.27577576,-0.35489005,-0.027085267,2026-04-27,3
S_19,51.09,16.87,0.4373636,-0.43569005,0.016867738,2026-04-27,3
S_2,51.05,16.81,0.3102054,-0.35146463,0.054031808,2026-04-27,3
S_20,51.11,16.87,0.29282576,-0.30721453,0.010682273,2026-04-27,3
S_21,51.03,16.89,0.26625213,-0.29756662,0.07329922,2026-04-27,3
S_22,51.05,16.89,0.44972152,-0.43895784,0.10000397,2026-04-27,3
S_23,51.07,16.89,0.3883132,-0.41666883,0.08046665,2026-04-27,3
S_24,51.09,16.89,0.4243543,-0.44261813,0.020538485,2026-04-27,3
S_25,51.11,16.89,0.30172896,-0.32357806,0.035380676,2026-04-27,3
S_26,51.03,16.91,0.309884,-0.35666168,-0.023560591,2026-04-27,3
S_27,51.05,16.91,0.39278838,-0.4104494,0.041042864,2026-04-27,3
S_28,51.07,16.91,0.3862256,-0.4132656,0.024001885,2026-04-27,3
S_29,51.09,16.91,0.34488392,-0.35726047,-0.031952634,2026-04-27,3
S_3,51.07,16.81,0.42383268,-0.48238274,0.102487564,2026-04-27,3
S_30,51.11,16.91,0.4482484,-0.4096228,0.07564887,2026-04-27,3
S_4,51.09,16.81,0.43122482,-0.4535235,0.04427066,2026-04-27,3
S_5,51.11,16.81,0.4276137,-0.4477515,0.038762584,2026-04-27,3
S_6,51.03,16.83,0.43183056,-0.45133683,0.09674976,2026-04-27,3
S_7,51.05,16.83,0.36169958,-0.40993336,0.022227542,2026-04-27,3
S_8,51.07,16.83,0.40927297,-0.4431316,0.05625473,2026-04-27,3
S_9,51.09,16.83,0.42390746,-0.453531,0.02254506,2026-04-27,3
S_1,51.03,16.81,0.43770078,-0.44305715,0.16025199,2026-05-02,4
S_10,51.11,16.83,0.42443854,-0.4487982,0.058495924,2026-05-02,4
S_11,51.03,16.85,0.3760902,-0.42318648,0.098567486,2026-05-02,4
S_12,51.05,16.85,0.2672204,-0.32495937,-0.033359397,2026-05-02,4
S_13,51.07,16.85,0.24927524,-0.27953142,-0.07297396,2026-05-02,4
S_14,51.09,16.85,0.37595424,-0.3649517,0.041821275,2026-05-02,4
S_15,51.11,16.85,0.42378873,-0.43865585,0.12359933,2026-05-02,4
S_16,51.03,16.87,0.37105292,-0.43738124,0.13528964,2026-05-02,4
S_17,51.05,16.87,0.25457984,-0.31964606,-0.032650087,2026-05-02,4
S_18,51.07,16.87,0.29119763,-0.3572022,-0.024360303,2026-05-02,4
S_19,51.09,16.87,0.41927594,-0.40515244,0.022871286,2026-05-02,4
S_2,51.05,16.81,0.33191052,-0.374554,0.06255413,2026-05-02,4
S_20,51.11,16.87,0.31794327,-0.33465752,0.01694988,2026-05-02,4
S_21,51.03,16.89,0.26876897,-0.2751517,0.07250623,2026-05-02,4
S_22,51.05,16.89,0.42705932,-0.41934156,0.097255036,2026-05-02,4
S_23,51.07,16.89,0.39994594,-0.40125448,0.08090129,2026-05-02,4
S_24,51.09,16.89,0.42346457,-0.44060576,0.029375792,2026-05-02,4
S_25,51.11,16.89,0.29982483,-0.29631415,0.057549033,2026-05-02,4
S_26,51.03,16.91,0.3290896,-0.37183407,-0.01583904,2026-05-02,4
S_27,51.05,16.91,0.39042592,-0.411502,0.04998326,2026-05-02,4
S_28,51.07,16.91,0.3919837,-0.40660414,0.041292507,2026-05-02,4
S_29,51.09,16.91,0.34022212,-0.36186072,-0.014752106,2026-05-02,4
S_3,51.07,16.81,0.41243812,-0.46603906,0.1023607,2026-05-02,4
S_30,51.11,16.91,0.43021843,-0.41511494,0.07937955,2026-05-02,4
S_4,51.09,16.81,0.42369342,-0.4496102,0.045369927,2026-05-02,4
S_5,51.11,16.81,0.42204788,-0.4471076,0.04583607,2026-05-02,4
S_6,51.03,16.83,0.40182856,-0.42994818,0.10642578,2026-05-02,4
S_7,51.05,16.83,0.36471668,-0.40458974,0.03234628,2026-05-02,4
S_8,51.07,16.83,0.39292678,-0.41431493,0.05293251,2026-05-02,4
S_9,51.09,16.83,0.42595074,-0.45271495,0.026614023,2026-05-02,4
S_1,51.03,16.81,0.41700482,-0.41565347,0.1449678,2026-05-07,5
S_10,51.11,16.83,0.4298897,-0.45255122,0.072526425,2026-05-07,5
S_11,51.03,16.85,0.3597855,-0.3932286,0.11292773,2026-05-07,5
S_12,51.05,16.85,0.29645884,-0.32732227,-0.030400569,2026-05-07,5
S_13,51.07,16.85,0.25888482,-0.29137376,-0.0625355,2026-05-07,5
S_14,51.09,16.85,0.37842828,-0.36319676,0.035913594,2026-05-07,5
S_15,51.11,16.85,0.42704922,-0.43071944,0.1009661,2026-05-07,5
S_16,51.03,16.87,0.36255974,-0.4007277,0.13418826,2026-05-07,5
S_17,51.05,16.87,0.256728,-0.32145846,-0.027000306,2026-05-07,5
S_18,51.07,16.87,0.29315543,-0.3573162,-0.019386437,2026-05-07,5
S_19,51.09,16.87,0.43666705,-0.40805086,0.027857672,2026-05-07,5
S_2,51.05,16.81,0.36080596,-0.3883743,0.07333021,2026-05-07,5
S_20,51.11,16.87,0.3326327,-0.34603038,0.032136727,2026-05-07,5
S_21,51.03,16.89,0.3056289,-0.2633088,0.06712115,2026-05-07,5
S_22,51.05,16.89,0.44024193,-0.43940273,0.10509852,2026-05-07,5
S_23,51.07,16.89,0.41780224,-0.41163453,0.07991238,2026-05-07,5
S_24,51.09,16.89,0.42915902,-0.4364572,0.04111185,2026-05-07,5
S_25,51.11,16.89,0.35398698,-0.3251094,0.069856636,2026-05-07,5
S_26,51.03,16.91,0.34261876,-0.37514216,-0.002659154,2026-05-07,5
S_27,51.05,16.91,0.3846954,-0.40809193,0.072196916,2026-05-07,5
S_28,51.07,16.91,0.39504743,-0.40281916,0.05730803,2026-05-07,5
S_29,51.09,16.91,0.3471239,-0.37828112,-0.008032272,2026-05-07,5
S_3,51.07,16.81,0.38412324,-0.44238213,0.099740595,2026-05-07,5
S_30,51.11,16.91,0.42430088,-0.4132328,0.07518869,2026-05-07,5
S_4,51.09,16.81,0.42151386,-0.4455862,0.051834654,2026-05-07,5
S_5,51.11,16.81,0.4276783,-0.45117825,0.052682597,2026-05-07,5
S_6,51.03,16.83,0.3808122,-0.42505428,0.10393816,2026-05-07,5
S_7,51.05,16.83,0.37116867,-0.40133256,0.046941437,2026-05-07,5
S_8,51.07,16.83,0.3943012,-0.41718256,0.056814253,2026-05-07,5
S_9,51.09,16.83,0.4228412,-0.45204997,0.036412653,2026-05-07,5
S_1,51.03,16.81,0.43637785,-0.4302089,0.13285814,2026-05-12,6
S_10,51.11,16.83,0.42991242,-0.45602778,0.07646047,2026-05-12,6
S_11,51.03,16.85,0.3493713,-0.37346548,0.10926937,2026-05-12,6
S_12,51.05,16.85,0.30092692,-0.34256846,-0.027948534,2026-05-12,6
S_13,51.07,16.85,0.2765356,-0.3129939,-0.06286756,2026-05-12,6
S_14,51.09,16.85,0.41190442,-0.41339278,0.02899072,2026-05-12,6
S_15,51.11,16.85,0.43693265,-0.44388884,0.09760128,2026-05-12,6
S_16,51.03,16.87,0.34856668,-0.3992351,0.12584886,2026-05-12,6
S_17,51.05,16.87,0.26800743,-0.33008602,-0.032671914,2026-05-12,6
S_18,51.07,16.87,0.31444395,-0.37125537,-0.005513301,2026-05-12,6
S_19,51.09,16.87,0.44744682,-0.42950675,0.04542812,2026-05-12,6
S_2,51.05,16.81,0.35788622,-0.38822109,0.06854604,2026-05-12,6
S_20,51.11,16.87,0.34666568,-0.3314603,0.044367753,2026-05-12,6
S_21,51.03,16.89,0.35555196,-0.31026474,0.05489198,2026-05-12,6
S_22,51.05,16.89,0.4415484,-0.44014907,0.10603162,2026-05-12,6
S_23,51.07,16.89,0.43308425,-0.44081813,0.080300756,2026-05-12,6
S_24,51.09,16.89,0.43116495,-0.4468165,0.03600845,2026-05-12,6
S_25,51.11,16.89,0.39100677,-0.36986467,0.06857593,2026-05-12,6
S_26,51.03,16.91,0.33775324,-0.36393675,0.0092909625,2026-05-12,6
S_27,51.05,16.91,0.3885904,-0.4035422,0.088188514,2026-05-12,6
S_28,51.07,16.91,0.41569903,-0.41367453,0.068307295,2026-05-12,6
S_29,51.09,16.91,0.35918218,-0.41219977,-0.0072622793,2026-05-12,6
S_3,51.07,16.81,0.37798664,-0.39871103,0.10982111,2026-05-12,6
S_30,51.11,16.91,0.42728344,-0.41713527,0.07172367,2026-05-12,6
S_4,51.09,16.81,0.4244251,-0.45928738,0.06561818,2026-05-12,6
S_5,51.11,16.81,0.42746335,-0.4538687,0.068328336,2026-05-12,6
S_6,51.03,16.83,0.40200576,-0.4114441,0.10972351,2026-05-12,6
S_7,51.05,16.83,0.37242624,-0.40229395,0.06147165,2026-05-12,6
S_8,51.07,16.83,0.4061278,-0.4173334,0.05743362,2026-05-12,6
S_9,51.09,16.83,0.42759386,-0.4659331,0.038463783,2026-05-12,6
S_1,51.03,16.81,0.45899826,-0.4435424,0.13179067,2026-05-17,7
S_10,51.11,16.83,0.42711923,-0.45705613,0.064718,2026-05-17,7
S_11,51.03,16.85,0.3721485,-0.36058608,0.11178199,2026-05-17,7
S_12,51.05,16.85,0.31479666,-0.34869105,-0.028190643,2026-05-17,7
S_13,51.07,16.85,0.29798898,-0.34587353,-0.0704516,2026-05-17,7
S_14,51.09,16.85,0.43465388,-0.44849232,0.030501356,2026-05-17,7
S_15,51.11,16.85,0.43246865,-0.44951594,0.100911,2026-05-17,7
S_16,51.03,16.87,0.35091543,-0.38490194,0.13127248,2026-05-17,7
S_17,51.05,16.87,0.29114473,-0.33071625,-0.03264578,2026-05-17,7
S_18,51.07,16.87,0.33256492,-0.38683057,0.00683303,2026-05-17,7
S_19,51.09,16.87,0.46754366,-0.47420838,0.04332122,2026-05-17,7
S_2,51.05,16.81,0.35975805,-0.377359,0.060863663,2026-05-17,7
S_20,51.11,16.87,0.35714373,-0.3211568,0.038009617,2026-05-17,7
S_21,51.03,16.89,0.40285638,-0.42847344,0.046471417,2026-05-17,7
S_22,51.05,16.89,0.44184366,-0.44185627,0.10232504,2026-05-17,7
S_23,51.07,16.89,0.440975,-0.45714754,0.08306751,2026-05-17,7
S_24,51.09,16.89,0.43090716,-0.44968587,0.038866695,2026-05-17,7
S_25,51.11,16.89,0.4249457,-0.40091425,0.05845089,2026-05-17,7
S_26,51.03,16.91,0.32066,-0.34957746,0.017308302,2026-05-17,7
S_27,51.05,16.91,0.413983,-0.40760496,0.09491499,2026-05-17,7
S_28,51.07,16.91,0.43172443,-0.43418905,0.08504887,2026-05-17,7
S_29,51.09,16.91,0.36444446,-0.41737655,0.0031065275,2026-05-17,7
S_3,51.07,16.81,0.405674,-0.39749783,0.10295496,2026-05-17,7
S_30,51.11,16.91,0.43069535,-0.4322999,0.06471731,2026-05-17,7
S_4,51.09,16.81,0.4419046,-0.4632275,0.07712764,2026-05-17,7
S_5,51.11,16.81,0.4298361,-0.4575485,0.07428053,2026-05-17,7
S_6,51.03,16.83,0.42688897,-0.44306242,0.10897023,2026-05-17,7
S_7,51.05,16.83,0.3701404,-0.40556347,0.0781565,2026-05-17,7
S_8,51.07,16.83,0.43661845,-0.46252677,0.05695516,2026-05-17,7
S_9,51.09,16.83,0.43493542,-0.4787933,0.038583018,2026-05-17,7
S_1,51.03,16.81,0.48169217,-0.47648713,0.13288124,2026-05-22,8
S_10,51.11,16.83,0.4300964,-0.45909756,0.060896166,2026-05-22,8
S_11,51.03,16.85,0.38332185,-0.4007966,0.106625296,2026-05-22,8
S_12,51.05,16.85,0.3227726,-0.34668863,-0.021300036,2026-05-22,8
S_13,51.07,16.85,0.31057256,-0.35743967,-0.07951177,2026-05-22,8
S_14,51.09,16.85,0.44720754,-0.4605241,0.03160113,2026-05-22,8
S_15,51.11,16.85,0.4348149,-0.4389122,0.1060993,2026-05-22,8
S_16,51.03,16.87,0.35865209,-0.39677575,0.12826416,2026-05-22,8
S_17,51.05,16.87,0.28976148,-0.34669474,-0.026682843,2026-05-22,8
S_18,51.07,16.87,0.33078095,-0.37855262,0.022511376,2026-05-22,8
S_19,51.09,16.87,0.46541,-0.47397298,0.04453032,2026-05-22,8
S_2,51.05,16.81,0.3621591,-0.39314306,0.063442044,2026-05-22,8
S_20,51.11,16.87,0.39566967,-0.356074,0.026508212,2026-05-22,8
S_21,51.03,16.89,0.40809047,-0.46126458,0.048543725,2026-05-22,8
S_22,51.05,16.89,0.43778527,-0.44540656,0.096805535,2026-05-22,8
S_23,51.07,16.89,0.44164875,-0.46480513,0.074084036,2026-05-22,8
S_24,51.09,16.89,0.42507988,-0.45292664,0.04153359,2026-05-22,8
S_25,51.11,16.89,0.43287638,-0.4252364,0.05714163,2026-05-22,8
S_26,51.03,16.91,0.3272984,-0.32875767,0.028681498,2026-05-22,8
S_27,51.05,16.91,0.4454954,-0.43508396,0.10496556,2026-05-22,8
S_28,51.07,16.91,0.4500113,-0.45461723,0.07952875,2026-05-22,8
S_29,51.09,16.91,0.37152025,-0.4109823,0.022425026,2026-05-22,8
S_3,51.07,16.81,0.45832863,-0.42474252,0.10680618,2026-05-22,8
S_30,51.11,16.91,0.43400759,-0.4398981,0.06715089,2026-05-22,8
S_4,51.09,16.81,0.43660966,-0.46774146,0.07141678,2026-05-22,8
S_5,51.11,16.81,0.43320233,-0.45514813,0.071576744,2026-05-22,8
S_6,51.03,16.83,0.44312373,-0.44862977,0.1123343,2026-05-22,8
S_7,51.05,16.83,0.37066665,-0.41081432,0.08631096,2026-05-22,8
S_8,51.07,16.83,0.4434778,-0.47077703,0.056337826,2026-05-22,8
S_9,51.09,16.83,0.43771762,-0.4753346,0.03768383,2026-05-22,8
S_1,51.03,16.81,0.48003924,-0.47742265,0.1303219,2026-05-27,9
S_10,51.11,16.83,0.42537186,-0.45663324,0.07287773,2026-05-27,9
S_11,51.03,16.85,0.42565244,-0.44137943,0.1098919,2026-05-27,9
S_12,51.05,16.85,0.3339984,-0.34758708,0.0075610406,2026-05-27,9
S_13,51.07,16.85,0.32136545,-0.37517244,-0.077853136,2026-05-27,9
S_14,51.09,16.85,0.43599874,-0.4637184,0.034677614,2026-05-27,9
S_15,51.11,16.85,0.4335492,-0.44107336,0.10639175,2026-05-27,9
S_16,51.03,16.87,0.37020585,-0.3904968,0.13275683,2026-05-27,9
S_17,51.05,16.87,0.2938533,-0.3448995,-0.016066179,2026-05-27,9
S_18,51.07,16.87,0.31728625,-0.35865265,0.03143261,2026-05-27,9
S_19,51.09,16.87,0.4496785,-0.4589992,0.04979606,2026-05-27,9
S_2,51.05,16.81,0.36349133,-0.3976044,0.072054446,2026-05-27,9
S_20,51.11,16.87,0.44331133,-0.40395686,0.027777601,2026-05-27,9
S_21,51.03,16.89,0.40684867,-0.43878156,0.052382197,2026-05-27,9
S_22,51.05,16.89,0.43334466,-0.44333187,0.09982721,2026-05-27,9
S_23,51.07,16.89,0.42632893,-0.4649973,0.07573649,2026-05-27,9
S_24,51.09,16.89,0.42282373,-0.4509348,0.046834,2026-05-27,9
S_25,51.11,16.89,0.4379739,-0.43975765,0.064241834,2026-05-27,9
S_26,51.03,16.91,0.3482358,-0.33593616,0.057072293,2026-05-27,9
S_27,51.05,16.91,0.4455437,-0.44643947,0.112656265,2026-05-27,9
S_28,51.07,16.91,0.4328278,-0.45450044,0.07510806,2026-05-27,9
S_29,51.09,16.91,0.3711763,-0.4043134,0.028334456,2026-05-27,9
S_3,51.07,16.81,0.5081546,-0.49218857,0.11038365,2026-05-27,9
S_30,51.11,16.91,0.4348327,-0.43747368,0.07430224,2026-05-27,9
S_4,51.09,16.81,0.43329087,-0.46326062,0.067992434,2026-05-27,9
S_5,51.11,16.81,0.43502384,-0.45447415,0.072032556,2026-05-27,9
S_6,51.03,16.83,0.44436824,-0.45737198,0.1059247,2026-05-27,9
S_7,51.05,16.83,0.37791815,-0.40674022,0.09821912,2026-05-27,9
S_8,51.07,16.83,0.43169287,-0.4657899,0.05061337,2026-05-27,9
S_9,51.09,16.83,0.43193415,-0.46940792,0.04963958,2026-05-27,9
S_1,51.03,16.81,0.46456167,-0.472168,0.12448653,2026-06-01,10
S_10,51.11,16.83,0.42776483,-0.45627108,0.076411664,2026-06-01,10
S_11,51.03,16.85,0.44345662,-0.46127036,0.113817096,2026-06-01,10
S_12,51.05,16.85,0.334767,-0.33647373,0.047079504,2026-06-01,10
S_13,51.07,16.85,0.31237835,-0.37168264,-0.06799625,2026-06-01,10
S_14,51.09,16.85,0.43504408,-0.46712863,0.042785205,2026-06-01,10
S_15,51.11,16.85,0.43586394,-0.44205153,0.10548242,2026-06-01,10
S_16,51.03,16.87,0.38437313,-0.3915415,0.1300279,2026-06-01,10
S_17,51.05,16.87,0.30579886,-0.33226246,0.0028153895,2026-06-01,10
S_18,51.07,16.87,0.3095953,-0.34551996,0.04657842,2026-06-01,10
S_19,51.09,16.87,0.4152948,-0.44178134,0.07816826,2026-06-01,10
S_2,51.05,16.81,0.3633633,-0.38290185,0.07579766,2026-06-01,10
S_20,51.11,16.87,0.45991182,-0.44256574,0.03510814,2026-06-01,10
S_21,51.03,16.89,0.39813298,-0.4213146,0.06677011,2026-06-01,10
S_22,51.05,16.89,0.42621562,-0.43839264,0.10907259,2026-06-01,10
S_23,51.07,16.89,0.42089474,-0.45330492,0.07736336,2026-06-01,10
S_24,51.09,16.89,0.42542946,-0.4490243,0.07426685,2026-06-01,10
S_25,51.11,16.89,0.43657494,-0.4390677,0.06611476,2026-06-01,10
S_26,51.03,16.91,0.37511054,-0.37345007,0.07670124,2026-06-01,10
S_27,51.05,16.91,0.44776458,-0.45322168,0.11244678,2026-06-01,10
S_28,51.07,16.91,0.41909048,-0.4573777,0.07209891,2026-06-01,10
S_29,51.09,16.91,0.36334974,-0.39754322,0.049765695,2026-06-01,10
S_3,51.07,16.81,0.4914522,-0.4914533,0.11253646,2026-06-01,10
S_30,51.11,16.91,0.4374996,-0.44037086,0.07798546,2026-06-01,10
S_4,51.09,16.81,0.43062988,-0.4603155,0.065666854,2026-06-01,10
S_5,51.11,16.81,0.4337751,-0.45568806,0.07267456,2026-06-01,10
S_6,51.03,16.83,0.43409458,-0.4495276,0.10554694,2026-06-01,10
S_7,51.05,16.83,0.41087466,-0.42048752,0.11944666,2026-06-01,10
S_8,51.07,16.83,0.432479,-0.46231294,0.058224376,2026-06-01,10
S_9,51.09,16.83,0.42563573,-0.46267244,0.070695445,2026-06-01,10
S_1,51.03,16.81,0.45173562,-0.4617603,0.13679217,2026-06-06,11
S_10,51.11,16.83,0.42464682,-0.45537138,0.078505166,2026-06-06,11
S_11,51.03,16.85,0.4523434,-0.46213657,0.108989425,2026-06-06,11
S_12,51.05,16.85,0.333602,-0.3273552,0.08141962,2026-06-06,11
S_13,51.07,16.85,0.29268554,-0.34863365,-0.04670549,2026-06-06,11
S_14,51.09,16.85,0.4300542,-0.4583763,0.041048177,2026-06-06,11
S_15,51.11,16.85,0.4355591,-0.43823066,0.102719314,2026-06-06,11
S_16,51.03,16.87,0.4235082,-0.43182963,0.13145906,2026-06-06,11
S_17,51.05,16.87,0.31290495,-0.32712618,0.026578825,2026-06-06,11
S_18,51.07,16.87,0.3326116,-0.3349356,0.06410227,2026-06-06,11
S_19,51.09,16.87,0.37896872,-0.4000622,0.092539236,2026-06-06,11
S_2,51.05,16.81,0.36191836,-0.38393223,0.078799844,2026-06-06,11
S_20,51.11,16.87,0.4675959,-0.45430538,0.036498845,2026-06-06,11
S_21,51.03,16.89,0.40205783,-0.41737038,0.07439199,2026-06-06,11
S_22,51.05,16.89,0.43633887,-0.444012,0.10373119,2026-06-06,11
S_23,51.07,16.89,0.41299158,-0.44126728,0.08496689,2026-06-06,11
S_24,51.09,16.89,0.42643973,-0.44994518,0.090749405,2026-06-06,11
S_25,51.11,16.89,0.4351555,-0.4378742,0.06671557,2026-06-06,11
S_26,51.03,16.91,0.38645488,-0.38834822,0.0926577,2026-06-06,11
S_27,51.05,16.91,0.42673665,-0.45735735,0.10316112,2026-06-06,11
S_28,51.07,16.91,0.41672713,-0.46185538,0.07612772,2026-06-06,11
S_29,51.09,16.91,0.34075356,-0.36969683,0.071688145,2026-06-06,11
S_3,51.07,16.81,0.46655443,-0.49404532,0.107067004,2026-06-06,11
S_30,51.11,16.91,0.4324087,-0.4360687,0.08004803,2026-06-06,11
S_4,51.09,16.81,0.42553392,-0.4540647,0.07049331,2026-06-06,11
S_5,51.11,16.81,0.43274534,-0.457708,0.07373571,2026-06-06,11
S_6,51.03,16.83,0.4218526,-0.44809029,0.103020266,2026-06-06,11
S_7,51.05,16.83,0.44208625,-0.44213986,0.12239548,2026-06-06,11
S_8,51.07,16.83,0.43136498,-0.46224847,0.064995095,2026-06-06,11
S_9,51.09,16.83,0.4181778,-0.45948905,0.07843588,2026-06-06,11
S_1,51.03,16.81,0.4427428,-0.4478573,0.14217457,2026-06-11,12
S_10,51.11,16.83,0.42675513,-0.45570728,0.08043455,2026-06-11,12
S_11,51.03,16.85,0.45346045,-0.46218598,0.09642452,2026-06-11,12
S_12,51.05,16.85,0.34714875,-0.32223392,0.09813836,2026-06-11,12
S_13,51.07,16.85,0.28541392,-0.32559532,-0.020586908,2026-06-11,12
S_14,51.09,16.85,0.41791895,-0.44825387,0.05030157,2026-06-11,12
S_15,51.11,16.85,0.43303385,-0.43867707,0.10038104,2026-06-11,12
S_16,51.03,16.87,0.45263952,-0.4686048,0.12586066,2026-06-11,12
S_17,51.05,16.87,0.3243284,-0.35139742,0.044004597,2026-06-11,12
S_18,51.07,16.87,0.35284033,-0.33628562,0.077175684,2026-06-11,12
S_19,51.09,16.87,0.4087278,-0.40432176,0.110769644,2026-06-11,12
S_2,51.05,16.81,0.36209637,-0.39912742,0.08302866,2026-06-11,12
S_20,51.11,16.87,0.45933968,-0.45594132,0.03451724,2026-06-11,12
S_21,51.03,16.89,0.40556157,-0.42663616,0.067961045,2026-06-11,12
S_22,51.05,16.89,0.4441224,-0.45591882,0.109429814,2026-06-11,12
S_23,51.07,16.89,0.40169048,-0.42535058,0.08559227,2026-06-11,12
S_24,51.09,16.89,0.43155968,-0.4520396,0.10071243,2026-06-11,12
S_25,51.11,16.89,0.43494695,-0.43826765,0.06838441,2026-06-11,12
S_26,51.03,16.91,0.41747406,-0.41540533,0.10694443,2026-06-11,12
S_27,51.05,16.91,0.41970262,-0.45644468,0.1088409,2026-06-11,12
S_28,51.07,16.91,0.4078415,-0.45433107,0.09182061,2026-06-11,12
S_29,51.09,16.91,0.30498707,-0.3173573,0.090165354,2026-06-11,12
S_3,51.07,16.81,0.45400727,-0.4831421,0.11149279,2026-06-11,12
S_30,51.11,16.91,0.42976877,-0.43179977,0.07949186,2026-06-11,12
S_4,51.09,16.81,0.4217495,-0.4512354,0.07685033,2026-06-11,12
S_5,51.11,16.81,0.42854697,-0.4591683,0.07720592,2026-06-11,12
S_6,51.03,16.83,0.4194971,-0.437349,0.095682696,2026-06-11,12
S_7,51.05,16.83,0.45334977,-0.45642528,0.11653699,2026-06-11,12
S_8,51.07,16.83,0.43298432,-0.45192164,0.07457208,2026-06-11,12
S_9,51.09,16.83,0.4093158,-0.44910508,0.08307017,2026-06-11,12
S_1,51.03,16.81,0.42632946,-0.4403973,0.15191638,2026-06-16,13
S_10,51.11,16.83,0.42259166,-0.45400214,0.086189985,2026-06-16,13
S_11,51.03,16.85,0.44671813,-0.45713684,0.10206462,2026-06-16,13
S_12,51.05,16.85,0.37212318,-0.3597353,0.12163791,2026-06-16,13
S_13,51.07,16.85,0.28590456,-0.3306858,-0.002161935,2026-06-16,13
S_14,51.09,16.85,0.40278104,-0.44309595,0.07117396,2026-06-16,13
S_15,51.11,16.85,0.42921808,-0.437482,0.10650173,2026-06-16,13
S_16,51.03,16.87,0.46236137,-0.47865176,0.13244653,2026-06-16,13
S_17,51.05,16.87,0.3425236,-0.3606539,0.04672438,2026-06-16,13
S_18,51.07,16.87,0.3981832,-0.3660338,0.08753358,2026-06-16,13
S_19,51.09,16.87,0.4451076,-0.4387962,0.13534805,2026-06-16,13
S_2,51.05,16.81,0.36216006,-0.39772838,0.09158178,2026-06-16,13
S_20,51.11,16.87,0.4409165,-0.45949182,0.039509207,2026-06-16,13
S_21,51.03,16.89,0.41386065,-0.432849,0.07015141,2026-06-16,13
S_22,51.05,16.89,0.43063,-0.45432517,0.105542734,2026-06-16,13
S_23,51.07,16.89,0.42024493,-0.44356558,0.089694396,2026-06-16,13
S_24,51.09,16.89,0.42588773,-0.45530275,0.119141646,2026-06-16,13
S_25,51.11,16.89,0.43406752,-0.43357778,0.06880439,2026-06-16,13
S_26,51.03,16.91,0.43912363,-0.43971923,0.12805045,2026-06-16,13
S_27,51.05,16.91,0.4072293,-0.44525978,0.109749615,2026-06-16,13
S_28,51.07,16.91,0.4131025,-0.459077,0.119174466,2026-06-16,13
S_29,51.09,16.91,0.2927312,-0.32575417,0.10675383,2026-06-16,13
S_3,51.07,16.81,0.41908562,-0.45360607,0.108492404,2026-06-16,13
S_30,51.11,16.91,0.42465818,-0.42939657,0.082125574,2026-06-16,13
S_4,51.09,16.81,0.4196439,-0.44871393,0.078862995,2026-06-16,13
S_5,51.11,16.81,0.41702834,-0.45686573,0.080560744,2026-06-16,13
S_6,51.03,16.83,0.41568547,-0.4404685,0.106168345,2026-06-16,13
S_7,51.05,16.83,0.46145916,-0.4655694,0.10331652,2026-06-16,13
S_8,51.07,16.83,0.4265645,-0.4509734,0.078153744,2026-06-16,13
S_9,51.09,16.83,0.4010129,-0.44393712,0.089490175,2026-06-16,13
S_1,51.03,16.81,0.4237592,-0.44272467,0.14530312,2026-06-21,14
S_10,51.11,16.83,0.42905897,-0.4587051,0.105188124,2026-06-21,14
S_11,51.03,16.85,0.4219694,-0.44799232,0.10669913,2026-06-21,14
S_12,51.05,16.85,0.4177445,-0.4264346,0.12565407,2026-06-21,14
S_13,51.07,16.85,0.31001297,-0.3545844,0.018456385,2026-06-21,14
S_14,51.09,16.85,0.39468932,-0.44303817,0.08979333,2026-06-21,14
S_15,51.11,16.85,0.43029562,-0.43692404,0.106117785,2026-06-21,14
S_16,51.03,16.87,0.44842616,-0.47160044,0.12996528,2026-06-21,14
S_17,51.05,16.87,0.36163083,-0.37280813,0.063940756,2026-06-21,14
S_18,51.07,16.87,0.4464295,-0.41251865,0.1027141,2026-06-21,14
S_19,51.09,16.87,0.49077722,-0.486994,0.1606666,2026-06-21,14
S_2,51.05,16.81,0.36162913,-0.39986926,0.11761911,2026-06-21,14
S_20,51.11,16.87,0.42334232,-0.44939902,0.046574675,2026-06-21,14
S_21,51.03,16.89,0.41491118,-0.44253418,0.06888557,2026-06-21,14
S_22,51.05,16.89,0.42517176,-0.45370978,0.10615673,2026-06-21,14
S_23,51.07,16.89,0.44012618,-0.46089104,0.10202488,2026-06-21,14
S_24,51.09,16.89,0.42024335,-0.45312563,0.11657399,2026-06-21,14
S_25,51.11,16.89,0.43198085,-0.43415627,0.070620045,2026-06-21,14
S_26,51.03,16.91,0.44781366,-0.45120934,0.14096275,2026-06-21,14
S_27,51.05,16.91,0.41062766,-0.44754004,0.12008164,2026-06-21,14
S_28,51.07,16.91,0.40964124,-0.45848823,0.12961581,2026-06-21,14
S_29,51.09,16.91,0.35436225,-0.36359707,0.11524016,2026-06-21,14
S_3,51.07,16.81,0.3953183,-0.4434399,0.09999048,2026-06-21,14
S_30,51.11,16.91,0.42567375,-0.43674484,0.086236544,2026-06-21,14
S_4,51.09,16.81,0.4244686,-0.45089132,0.08573134,2026-06-21,14
S_5,51.11,16.81,0.39135307,-0.44962564,0.086135685,2026-06-21,14
S_6,51.03,16.83,0.4415352,-0.45429984,0.118712485,2026-06-21,14
S_7,51.05,16.83,0.45229825,-0.4696617,0.10168282,2026-06-21,14
S_8,51.07,16.83,0.41983423,-0.45019102,0.07521431,2026-06-21,14
S_9,51.09,16.83,0.40409225,-0.4545958,0.1067699,2026-06-21,14
S_1,51.03,16.81,0.4443773,-0.4460034,0.14821273,2026-06-26,15
S_10,51.11,16.83,0.4241841,-0.42113087,0.12646976,2026-06-26,15
S_11,51.03,16.85,0.4130325,-0.41289946,0.10691876,2026-06-26,15
S_12,51.05,16.85,0.44908407,-0.44542247,0.14486057,2026-06-26,15
S_13,51.07,16.85,0.3292483,-0.373825,0.024689138,2026-06-26,15
S_14,51.09,16.85,0.4111715,-0.397875,0.10912592,2026-06-26,15
S_15,51.11,16.85,0.428866,-0.40970886,0.11055162,2026-06-26,15
S_16,51.03,16.87,0.40509832,-0.43313736,0.12860887,2026-06-26,15
S_17,51.05,16.87,0.37483117,-0.38754544,0.085914426,2026-06-26,15
S_18,51.07,16.87,0.45457408,-0.42569262,0.12704241,2026-06-26,15
S_19,51.09,16.87,0.4981389,-0.4604933,0.16490151,2026-06-26,15
S_2,51.05,16.81,0.36398393,-0.43167657,0.13414894,2026-06-26,15
S_20,51.11,16.87,0.4211664,-0.40367183,0.071273424,2026-06-26,15
S_21,51.03,16.89,0.41618237,-0.4143539,0.07127542,2026-06-26,15
S_22,51.05,16.89,0.40871435,-0.41537872,0.103398,2026-06-26,15
S_23,51.07,16.89,0.43678278,-0.427597,0.11965206,2026-06-26,15
S_24,51.09,16.89,0.4200789,-0.4120979,0.117322505,2026-06-26,15
S_25,51.11,16.89,0.4299249,-0.40469387,0.06992412,2026-06-26,15
S_26,51.03,16.91,0.44698712,-0.4424341,0.14611849,2026-06-26,15
S_27,51.05,16.91,0.42469516,-0.43474084,0.11754871,2026-06-26,15
S_28,51.07,16.91,0.41420695,-0.4341099,0.13964202,2026-06-26,15
S_29,51.09,16.91,0.42929795,-0.4232091,0.11618485,2026-06-26,15
S_3,51.07,16.81,0.37400633,-0.39658782,0.10893879,2026-06-26,15
S_30,51.11,16.91,0.44016784,-0.40435892,0.104149714,2026-06-26,15
S_4,51.09,16.81,0.42623347,-0.42099458,0.094523445,2026-06-26,15
S_5,51.11,16.81,0.37912527,-0.3905032,0.11111726,2026-06-26,15
S_6,51.03,16.83,0.44277853,-0.4327149,0.11668363,2026-06-26,15
S_7,51.05,16.83,0.42811903,-0.43389434,0.10107775,2026-06-26,15
S_8,51.07,16.83,0.42334706,-0.41861448,0.076716594,2026-06-26,15
S_9,51.09,16.83,0.41611338,-0.43529013,0.12890409,2026-06-26,15
S_1,51.03,16.81,0.44929954,-0.44875252,0.15274246,2026-07-01,16
S_10,51.11,16.83,0.4227703,-0.40001878,0.14663489,2026-07-01,16
S_11,51.03,16.85,0.40663257,-0.40769523,0.10987259,2026-07-01,16
S_12,51.05,16.85,0.44632018,-0.44096157,0.14930137,2026-07-01,16
S_13,51.07,16.85,0.35287791,-0.392003,0.043453705,2026-07-01,16
S_14,51.09,16.85,0.4476772,-0.3790415,0.12778898,2026-07-01,16
S_15,51.11,16.85,0.428614,-0.39133435,0.111019604,2026-07-01,16
S_16,51.03,16.87,0.36546102,-0.38081622,0.13021311,2026-07-01,16
S_17,51.05,16.87,0.36842918,-0.3720194,0.10126581,2026-07-01,16
S_18,51.07,16.87,0.46228904,-0.42532104,0.1392779,2026-07-01,16
S_19,51.09,16.87,0.50052696,-0.44746178,0.15995333,2026-07-01,16
S_2,51.05,16.81,0.36561993,-0.44574177,0.14874391,2026-07-01,16
S_20,51.11,16.87,0.43070456,-0.38092864,0.082093894,2026-07-01,16
S_21,51.03,16.89,0.42198387,-0.41503143,0.0708339,2026-07-01,16
S_22,51.05,16.89,0.40380475,-0.39954162,0.106886484,2026-07-01,16
S_23,51.07,16.89,0.42342165,-0.4042123,0.11103187,2026-07-01,16
S_24,51.09,16.89,0.42009038,-0.38489652,0.11817774,2026-07-01,16
S_25,51.11,16.89,0.43515584,-0.38274083,0.0701076,2026-07-01,16
S_26,51.03,16.91,0.42906478,-0.43618807,0.14417404,2026-07-01,16
S_27,51.05,16.91,0.4304393,-0.4292219,0.11506391,2026-07-01,16
S_28,51.07,16.91,0.41164804,-0.41722712,0.15467824,2026-07-01,16
S_29,51.09,16.91,0.42631024,-0.42617482,0.11934697,2026-07-01,16
S_3,51.07,16.81,0.3682033,-0.373091,0.11277222,2026-07-01,16
S_30,51.11,16.91,0.44322217,-0.38353637,0.11852034,2026-07-01,16
S_4,51.09,16.81,0.42946857,-0.41504532,0.117614135,2026-07-01,16
S_5,51.11,16.81,0.3899524,-0.37184206,0.13349216,2026-07-01,16
S_6,51.03,16.83,0.4307128,-0.42568657,0.10453504,2026-07-01,16
S_7,51.05,16.83,0.40898794,-0.3858249,0.10855313,2026-07-01,16
S_8,51.07,16.83,0.42802414,-0.41286975,0.08400521,2026-07-01,16
S_9,51.09,16.83,0.41359955,-0.42108017,0.141146,2026-07-01,16
S_1,51.03,16.81,0.4467831,-0.4469121,0.1484534,2026-07-06,17
S_10,51.11,16.83,0.44060522,-0.4041371,0.14731091,2026-07-06,17
S_11,51.03,16.85,0.4355967,-0.41329053,0.11988857,2026-07-06,17
S_12,51.05,16.85,0.43959853,-0.44546252,0.14301744,2026-07-06,17
S_13,51.07,16.85,0.3611981,-0.37916255,0.05269508,2026-07-06,17
S_14,51.09,16.85,0.4515264,-0.3747175,0.13767335,2026-07-06,17
S_15,51.11,16.85,0.43998128,-0.36956596,0.11048693,2026-07-06,17
S_16,51.03,16.87,0.36809263,-0.35402304,0.12829013,2026-07-06,17
S_17,51.05,16.87,0.38097954,-0.35794148,0.1204622,2026-07-06,17
S_18,51.07,16.87,0.4541777,-0.43435058,0.13804078,2026-07-06,17
S_19,51.09,16.87,0.49669123,-0.463761,0.1622436,2026-07-06,17
S_2,51.05,16.81,0.3753476,-0.43420324,0.15293615,2026-07-06,17
S_20,51.11,16.87,0.4385244,-0.35565203,0.08881874,2026-07-06,17
S_21,51.03,16.89,0.42562607,-0.41047192,0.07491776,2026-07-06,17
S_22,51.05,16.89,0.4237001,-0.37837705,0.117598295,2026-07-06,17
S_23,51.07,16.89,0.4260623,-0.38893571,0.1034916,2026-07-06,17
S_24,51.09,16.89,0.43875182,-0.36422342,0.119482026,2026-07-06,17
S_25,51.11,16.89,0.43902847,-0.3656565,0.06936015,2026-07-06,17
S_26,51.03,16.91,0.4349439,-0.43951824,0.13933785,2026-07-06,17
S_27,51.05,16.91,0.42852587,-0.43318668,0.11244493,2026-07-06,17
S_28,51.07,16.91,0.4304405,-0.42391247,0.15432887,2026-07-06,17
S_29,51.09,16.91,0.42200857,-0.4094746,0.109580465,2026-07-06,17
S_3,51.07,16.81,0.39007318,-0.37424302,0.12846076,2026-07-06,17
S_30,51.11,16.91,0.44058138,-0.3636417,0.11822417,2026-07-06,17
S_4,51.09,16.81,0.43441024,-0.4030415,0.13137916,2026-07-06,17
S_5,51.11,16.81,0.42998067,-0.36750582,0.15648346,2026-07-06,17
S_6,51.03,16.83,0.4275305,-0.41382205,0.0955425,2026-07-06,17
S_7,51.05,16.83,0.42766234,-0.3790665,0.106183656,2026-07-06,17
S_8,51.07,16.83,0.4379283,-0.40957242,0.08503636,2026-07-06,17
S_9,51.09,16.83,0.4411488,-0.42998275,0.14623839,2026-07-06,17
S_1,51.03,16.81,0.4384541,-0.44907507,0.1425465,2026-07-11,18
S_10,51.11,16.83,0.44869304,-0.42642212,0.14988856,2026-07-11,18
S_11,51.03,16.85,0.45568597,-0.44755125,0.12090486,2026-07-11,18
S_12,51.05,16.85,0.44107443,-0.4463832,0.14039364,2026-07-11,18
S_13,51.07,16.85,0.35425493,-0.3688346,0.071540534,2026-07-11,18
S_14,51.09,16.85,0.48604405,-0.41512293,0.14231794,2026-07-11,18
S_15,51.11,16.85,0.45608065,-0.40962303,0.11553598,2026-07-11,18
S_16,51.03,16.87,0.389887,-0.36515528,0.13514844,2026-07-11,18
S_17,51.05,16.87,0.4225531,-0.41839844,0.12705256,2026-07-11,18
S_18,51.07,16.87,0.45547113,-0.4309582,0.13422602,2026-07-11,18
S_19,51.09,16.87,0.51896966,-0.45873693,0.15384439,2026-07-11,18
S_2,51.05,16.81,0.37250888,-0.42431813,0.14600602,2026-07-11,18
S_20,51.11,16.87,0.48318982,-0.4093367,0.09819025,2026-07-11,18
S_21,51.03,16.89,0.4326801,-0.42626408,0.07968929,2026-07-11,18
S_22,51.05,16.89,0.44580925,-0.39351454,0.12158158,2026-07-11,18
S_23,51.07,16.89,0.43941268,-0.36978653,0.101022854,2026-07-11,18
S_24,51.09,16.89,0.45184764,-0.41151875,0.1218402,2026-07-11,18
S_25,51.11,16.89,0.44886336,-0.39248344,0.07209223,2026-07-11,18
S_26,51.03,16.91,0.43958277,-0.4229154,0.15254363,2026-07-11,18
S_27,51.05,16.91,0.4269298,-0.42834714,0.11067641,2026-07-11,18
S_28,51.07,16.91,0.4397844,-0.4351702,0.15426253,2026-07-11,18
S_29,51.09,16.91,0.4337778,-0.40062758,0.11285971,2026-07-11,18
S_3,51.07,16.81,0.43425515,-0.43686008,0.13995011,2026-07-11,18
S_30,51.11,16.91,0.45722774,-0.4017198,0.11400477,2026-07-11,18
S_4,51.09,16.81,0.45253196,-0.4115931,0.14306553,2026-07-11,18
S_5,51.11,16.81,0.49207643,-0.44022822,0.1643826,2026-07-11,18
S_6,51.03,16.83,0.42289326,-0.41868296,0.09612226,2026-07-11,18
S_7,51.05,16.83,0.45154306,-0.39390585,0.117296174,2026-07-11,18
S_8,51.07,16.83,0.439967,-0.41646105,0.083409294,2026-07-11,18
S_9,51.09,16.83,0.44205567,-0.43779796,0.14908317,2026-07-11,18
