Sektor_ID,Lat,Lon,dist_to_ditch,manholes_300m,in_basin
S_1,50.96,16.71,19204.135492674224,0,0
S_10,51.14,16.71,6812.088247351817,0,0
S_100,51.14,16.83,299.0414108789792,0,0
S_101,51.16,16.83,193.31260986371726,0,0
S_102,51.18,16.83,218.76394220477843,0,0
S_103,51.2,16.83,1750.8307657517241,0,0
S_104,51.22,16.83,3972.2796854622675,0,0
S_105,51.24,16.83,5445.385947041962,0,0
S_106,50.96,16.85,12984.678140135653,0,0
S_107,50.98,16.85,11325.094646471813,0,0
S_108,51.0,16.85,9861.896499378292,0,0
S_109,51.02,16.85,8418.741567826879,0,0
S_11,51.16,16.71,7197.1030753367495,0,0
S_110,51.04,16.85,6723.889490045874,0,0
S_111,51.06,16.85,5421.191720799655,0,0
S_112,51.08,16.85,3253.6617859423213,0,0
S_113,51.1,16.85,1042.0817532091583,0,0
S_114,51.12,16.85,152.9756075835791,0,0
S_115,51.14,16.85,30.375214416566127,145,0
S_116,51.16,16.85,129.81078397110568,0,0
S_117,51.18,16.85,328.7539166104857,0,0
S_118,51.2,16.85,2136.925593380406,0,0
S_119,51.22,16.85,2891.784132546267,0,0
S_12,51.18,16.71,7880.060446899775,0,0
S_120,51.24,16.85,4629.559266687689,0,0
S_121,50.96,16.87,12162.057822383023,0,0
S_122,50.98,16.87,10372.104290519828,0,0
S_123,51.0,16.87,8783.28397005277,0,0
S_124,51.02,16.87,7374.158792219467,0,0
S_125,51.04,16.87,5793.450664727714,0,0
S_126,51.06,16.87,4219.665969002121,0,0
S_127,51.08,16.87,3145.7712341569377,0,0
S_128,51.1,16.87,997.1952678499711,0,0
S_129,51.12,16.87,75.42879838910036,42,0
S_13,51.2,16.71,8327.208531487542,0,0
S_130,51.14,16.87,95.03052149332437,144,0
S_132,51.18,16.87,62.120452330664996,0,0
S_134,51.22,16.87,2011.4215042469016,0,0
S_136,50.96,16.89,11452.977110542222,0,0
S_137,50.98,16.89,9531.1532212864,0,0
S_139,51.02,16.89,6287.684180771339,0,0
S_14,51.22,16.71,9167.625026369526,0,0
S_141,51.06,16.89,3177.1374557814597,0,0
S_143,51.1,16.89,584.150058798024,0,0
S_144,51.12,16.89,29.2480101924891,21,0
S_146,51.16,16.89,88.52606590553637,16,0
S_148,51.2,16.89,128.5731600417197,0,0
S_149,51.22,16.89,1612.966088400308,0,0
S_15,51.24,16.71,10346.277459912872,0,0
S_150,51.24,16.89,3836.1304745548578,0,0
S_151,50.96,16.91,10879.657044859136,0,0
S_153,51.0,16.91,6900.951084593016,0,0
S_155,51.04,16.91,3800.973434448058,0,0
S_157,51.08,16.91,678.6116760835603,0,0
S_158,51.1,16.91,856.39299833093,0,0
S_16,50.96,16.73,18562.794541818243,0,0
S_160,51.14,16.91,79.09561123337517,67,0
S_162,51.18,16.91,140.86672674542552,12,0
S_164,51.22,16.91,1287.798552325959,0,0
S_165,51.24,16.91,3216.653967735071,0,0
S_166,50.96,16.93,10464.433929184495,0,0
S_168,51.0,16.93,6226.424610680338,0,0
S_169,51.02,16.93,4272.15334819429,0,0
S_17,50.98,16.73,16577.85936257925,0,0
S_171,51.06,16.93,1405.8627140060885,0,0
S_172,51.08,16.93,153.7128938178727,8,0
S_174,51.12,16.93,110.37966010894911,171,0
S_175,51.14,16.93,35.063298395709715,86,0
S_176,51.16,16.93,119.28241091083214,232,0
S_177,51.18,16.93,116.24242338942591,0,0
S_178,51.2,16.93,243.57309243338528,0,0
S_18,51.0,16.73,14659.31178278656,0,0
S_180,51.24,16.93,3093.126161565517,0,0
S_181,50.96,16.95,10226.581742100509,0,0
S_182,50.98,16.95,8016.664197115699,0,0
S_183,51.0,16.95,5818.1929194215,0,0
S_184,51.02,16.95,3651.912744084874,0,0
S_185,51.04,16.95,1649.9390675083405,0,0
S_186,51.06,16.95,410.0436766351651,0,0
S_187,51.08,16.95,135.73596988018187,17,0
S_188,51.1,16.95,247.77790874820764,497,0
S_19,51.02,16.73,12840.031827983006,0,0
S_190,51.14,16.95,58.19435946083127,26,0
S_192,51.18,16.95,178.81956525149948,0,0
S_193,51.2,16.95,22.648521817056732,0,0
S_194,51.22,16.95,1150.6667062630731,0,0
S_195,51.24,16.95,3375.3802928720816,0,0
S_197,50.98,16.97,7910.592124100563,0,0
S_198,51.0,16.97,5733.420616111684,0,0
S_2,50.98,16.71,17290.38293212061,0,0
S_20,51.04,16.73,11168.639446384243,0,0
S_200,51.04,16.97,1320.5917622766913,0,0
S_202,51.08,16.97,340.05915963391885,216,0
S_204,51.12,16.97,67.7717167848776,382,0
S_207,51.18,16.97,2.9191676711853622,0,0
S_209,51.22,16.97,1398.7357096017101,0,0
S_21,51.06,16.73,9721.717491631141,0,0
S_211,50.96,16.99,9604.746935014811,0,0
S_213,51.0,16.99,5357.026442742652,0,0
S_215,51.04,16.99,1331.1566054527661,0,0
S_218,51.1,16.99,95.92616121470773,365,0
S_22,51.08,16.73,8506.568173937441,0,0
S_220,51.14,16.99,268.2790269957991,83,0
S_222,51.18,16.99,123.68845424774821,11,0
S_224,51.22,16.99,1746.1197465715757,0,0
S_225,51.24,16.99,3909.727010031838,0,0
S_227,50.98,17.01,7107.333504160153,0,0
S_229,51.02,17.01,2861.553217630114,0,0
S_23,51.1,16.73,6936.109378879808,0,0
S_231,51.06,17.01,185.8425725294435,221,0
S_233,51.1,17.01,739.3658417430682,357,0
S_236,51.16,17.01,47.96600225330634,194,0
S_238,51.2,17.01,522.3469551576198,0,0
S_24,51.12,16.73,5810.251733180315,0,0
S_240,51.24,17.01,4320.154486873881,0,0
S_242,50.98,17.03,6980.9290012326765,0,0
S_243,51.0,17.03,4756.1640585458545,0,0
S_246,51.06,17.03,168.58167701773638,168,0
S_248,51.1,17.03,1524.3718245292073,326,0
S_25,51.14,16.73,5412.525413426852,0,0
S_250,51.14,17.03,587.7412940066755,456,0
S_252,51.18,17.03,253.34953180821338,6,0
S_254,51.22,17.03,3149.442431326004,0,0
S_256,50.96,17.05,9322.345445162835,0,0
S_259,51.02,17.05,2910.9997256157144,0,0
S_26,51.16,16.73,5863.717409588568,0,0
S_261,51.06,17.05,26.754012374311475,241,0
S_263,51.1,17.05,905.3365178959565,428,0
S_265,51.14,17.05,1096.9398205322211,166,0
S_267,51.18,17.05,781.3390905233456,0,0
S_27,51.18,16.73,6493.224785585582,0,0
S_270,51.24,17.05,5775.605634906718,0,0
S_272,50.98,17.07,7285.075000429359,0,0
S_274,51.02,17.07,2878.275441631271,0,0
S_276,51.06,17.07,18.403622301136235,17,0
S_278,51.1,17.07,263.626736591189,71,0
S_28,51.2,16.73,7008.001097177331,0,0
S_280,51.14,17.07,5.296732199324818,340,0
S_283,51.2,17.07,2821.0569727528555,0,0
S_285,51.24,17.07,6615.739492012172,0,0
S_286,50.96,17.09,9505.401786812829,0,0
S_288,51.0,17.09,5068.946250743713,0,0
S_29,51.22,16.73,7938.677214869078,0,0
S_290,51.04,17.09,627.9980417595431,0,0
S_292,51.08,17.09,88.13980394258562,107,0
S_294,51.12,17.09,450.62107651110034,141,0
S_296,51.16,17.09,60.45637724612981,0,0
S_297,51.18,17.09,402.1787713061745,0,0
S_299,51.22,17.09,4841.310711102912,0,0
S_3,51.0,16.71,15460.167737524162,0,0
S_30,51.24,16.73,9275.33000166609,0,0
S_301,50.96,17.11,9502.278649368596,0,0
S_303,51.0,17.11,5062.534830177265,0,0
S_305,51.04,17.11,752.6021058611249,0,0
S_306,51.06,17.11,404.70067860329107,0,0
S_308,51.1,17.11,626.639890995596,124,0
S_309,51.12,17.11,293.12140737681347,400,0
S_31,50.96,16.75,18000.470905369522,0,0
S_311,51.16,17.11,11.974441257387422,96,0
S_313,51.2,17.11,2734.1440659639547,0,0
S_314,51.22,17.11,4788.973441161141,0,0
S_316,50.96,17.13,9406.611013607395,0,0
S_318,51.0,17.13,4998.414551367272,0,0
S_32,50.98,16.75,15952.247462011475,0,0
S_320,51.04,17.13,1041.5912548421352,0,0
S_322,51.08,17.13,49.6135296497983,0,0
S_324,51.12,17.13,26.32567471779296,52,0
S_326,51.16,17.13,94.59162240169668,258,0
S_328,51.2,17.13,2233.8334123942354,0,0
S_33,51.0,16.75,13953.746654401524,0,0
S_330,51.24,17.13,6649.757122092191,0,0
S_331,50.96,17.15,9302.065628001628,0,0
S_333,51.0,17.15,4852.415661603735,0,0
S_334,51.02,17.15,2627.7286660969885,0,0
S_335,51.04,17.15,405.3255842916269,0,0
S_336,51.06,17.15,311.10058652567477,0,0
S_338,51.1,17.15,47.71133279133735,48,0
S_34,51.02,16.75,12028.58577000032,0,0
S_340,51.14,17.15,612.9558315376042,0,0
S_342,51.18,17.15,504.73404352611607,0,0
S_344,51.22,17.15,4456.511132128606,0,0
S_346,50.96,17.17,9400.094892925817,0,0
S_347,50.98,17.17,7205.537667660058,0,0
S_348,51.0,17.17,5037.643313075092,0,0
S_349,51.02,17.17,2955.6922018360483,0,0
S_35,51.04,16.75,10225.838452160657,0,0
S_351,51.06,17.17,928.5546687939475,0,0
S_353,51.1,17.17,64.3623122469601,11,0
S_354,51.12,17.17,782.985738214666,0,0
S_356,51.16,17.17,1175.4965255710579,0,0
S_357,51.18,17.17,1045.405382052987,0,0
S_358,51.2,17.17,2797.905024062247,0,0
S_359,51.22,17.17,4848.664960109084,0,0
S_36,51.06,16.75,8622.635029524121,0,0
S_360,51.24,17.17,6936.034365292944,0,0
S_362,50.98,17.19,7595.544875188068,0,0
S_364,51.02,17.19,3808.3814485975963,0,0
S_366,51.06,17.19,1391.3829292996506,0,0
S_367,51.08,17.19,1721.6045046302854,0,0
S_368,51.1,17.19,1184.036912541745,0,0
S_369,51.12,17.19,1776.3806349218871,0,0
S_37,51.08,16.75,7350.725399726949,0,0
S_371,51.16,17.19,2567.547044450593,0,0
S_373,51.2,17.19,3548.269857966122,0,0
S_374,51.22,17.19,5404.641768609151,0,0
S_375,51.24,17.19,7456.230708247526,0,0
S_376,50.96,17.21,10190.839513748497,0,0
S_377,50.98,17.21,8210.03594069413,0,0
S_379,51.02,17.21,4906.809099143584,0,0
S_38,51.1,16.75,5908.015345296582,0,0
S_380,51.04,17.21,3974.2828330832813,0,0
S_382,51.08,17.21,2818.8981827577068,0,0
S_384,51.12,17.21,2811.402315802659,0,0
S_386,51.16,17.21,3964.297130363847,0,0
S_389,51.22,17.21,6155.712601673673,0,0
S_39,51.12,16.75,4534.291563557253,0,0
S_390,51.24,17.21,8024.6705081537875,0,0
S_391,50.96,17.23,10840.25969081234,0,0
S_392,50.98,17.23,9003.161363737108,0,0
S_393,51.0,17.23,7382.589353045482,0,0
S_394,51.02,17.23,6111.605858024738,0,0
S_395,51.04,17.23,4971.335173736405,0,0
S_396,51.06,17.23,3979.4203762763173,0,0
S_397,51.08,17.23,4105.821277418549,0,0
S_398,51.1,17.23,3825.2388521305174,0,0
S_399,51.12,17.23,4059.24751098903,0,0
S_4,51.02,16.71,13746.899774716263,0,0
S_40,51.14,16.75,4013.110042361553,0,0
S_400,51.14,17.23,5077.889591772684,0,0
S_401,51.16,17.23,5362.238851744935,0,0
S_402,51.18,17.23,5164.650253401098,0,0
S_403,51.2,17.23,5791.946670621568,0,0
S_404,51.22,17.23,7093.700827252286,0,0
S_405,51.24,17.23,8774.710761505301,0,0
S_406,50.96,17.25,11623.715328983602,0,0
S_407,50.98,17.25,9932.217903269244,0,0
S_41,51.16,16.75,4531.119295161696,0,0
S_410,51.04,17.25,6129.1194061255255,0,0
S_412,51.08,17.25,5449.646214796447,0,0
S_414,51.12,17.25,5382.7184159775925,0,0
S_415,51.14,17.25,6380.169182758276,0,0
S_417,51.18,17.25,6559.259200270753,0,0
S_418,51.2,17.25,7063.273077274323,0,0
S_419,51.22,17.25,8164.353191759555,0,0
S_42,51.18,16.75,5112.8447514642985,0,0
S_43,51.2,16.75,5706.64132954761,0,0
S_44,51.22,16.75,6775.548434194237,0,0
S_45,51.24,16.75,8302.081445945038,0,0
S_46,50.96,16.77,17022.908120220254,0,0
S_47,50.98,16.77,15422.41639279965,0,0
S_48,51.0,16.77,13349.921110816154,0,0
S_49,51.02,16.77,11333.075173326233,0,0
S_5,51.04,16.71,12199.952563339264,0,0
S_50,51.04,16.77,9398.22334858242,0,0
S_51,51.06,16.77,7623.368673179539,0,0
S_52,51.08,16.77,6148.669471297736,0,0
S_53,51.1,16.77,5053.636350499835,0,0
S_54,51.12,16.77,3358.716664473822,0,0
S_55,51.14,16.77,2614.072225314547,0,0
S_56,51.16,16.77,3191.5779263850695,0,0
S_57,51.18,16.77,3746.058938902203,0,0
S_58,51.2,16.77,4425.096477717739,0,0
S_59,51.22,16.77,5718.539643471043,0,0
S_6,51.06,16.71,10890.438633297126,0,0
S_60,51.24,16.77,7464.841019661316,0,0
S_61,50.96,16.79,15947.047960674154,0,0
S_62,50.98,16.79,14509.12439155469,0,0
S_63,51.0,16.79,12846.126033979224,0,0
S_64,51.02,16.79,10761.477088982945,0,0
S_65,51.04,16.79,8716.684616946155,0,0
S_66,51.06,16.79,6768.271669017946,0,0
S_67,51.08,16.79,5050.2723857274605,0,0
S_68,51.1,16.79,3826.0435409890874,0,0
S_69,51.12,16.79,2433.623491543097,0,0
S_7,51.08,16.71,9460.246648260876,0,0
S_70,51.14,16.79,1216.7007448199618,0,0
S_71,51.16,16.79,1936.0636528547702,0,0
S_72,51.18,16.79,2360.4833464144017,0,0
S_73,51.2,16.79,3206.1302202323163,0,0
S_74,51.22,16.79,4837.714195186279,0,0
S_75,51.24,16.79,6813.9267331809915,0,0
S_76,50.96,16.81,14892.890171582401,0,0
S_77,50.98,16.81,13441.165493265959,0,0
S_78,51.0,16.81,11897.905348101373,0,0
S_79,51.02,16.81,10294.632437154196,0,0
S_8,51.1,16.71,8076.924726854547,0,0
S_80,51.04,16.81,8200.007119833177,0,0
S_81,51.06,16.81,6109.181139309905,0,0
S_82,51.08,16.81,4138.897714803536,0,0
S_83,51.1,16.81,2594.4511589129984,0,0
S_84,51.12,16.81,1523.8956538703992,0,0
S_85,51.14,16.81,123.62824571182685,0,0
S_86,51.16,16.81,1107.4803238024615,0,0
S_87,51.18,16.81,990.510390736507,0,0
S_88,51.2,16.81,2210.6256839873436,0,0
S_89,51.22,16.81,4244.216239528772,0,0
S_9,51.12,16.71,7132.92987537034,0,0
S_90,51.24,16.81,6384.869133637413,0,0
S_91,50.96,16.83,13900.696550902425,0,0
S_92,50.98,16.83,12364.24594647767,0,0
S_93,51.0,16.83,10953.594163227583,0,0
S_94,51.02,16.83,9298.41469926228,0,0
S_95,51.04,16.83,7796.744007056143,0,0
S_96,51.06,16.83,5694.590757082613,0,0
S_97,51.08,16.83,3534.511095614605,0,0
S_98,51.1,16.83,1511.4306172008778,0,0
S_99,51.12,16.83,372.48224591803364,0,0
